id,domain,status,purchase_price,renewal_price,attractiveness,demand,length,registrar,created_at,expires_at,status_verified_at
171715b7-dbfa-40ac-b904-01d45bd76fa1,insulation.photo,available,29.99,29.99,high,low,10,namesilo,,,30/09/2026 01:59
333ac64b-09ee-49bd-b58f-c243299fc199,declare.photo,available,29.99,29.99,high,low,7,namesilo,,,27/09/2026 16:32
1a366c91-191e-469b-9437-923ea890f0ba,uncomfortably.photo,available,29.99,29.99,low,low,13,namesilo,,,
788a2601-9853-45bb-8505-c7c71a231dce,convoluted.photo,available,29.99,29.99,medium,low,10,namesilo,,,12/08/2026 23:59
f8cde198-6fac-4754-9ad5-3ae4d0166256,anlage.photo,available,29.99,29.99,medium,low,6,namesilo,,,19/09/2026 09:53
a048eab2-31ea-49c5-afca-e2293a0062cb,motorbus.photo,available,29.99,29.99,medium,low,8,namesilo,,,21/09/2026 05:59
4dfaf954-0586-41d3-af11-f8327b7c38fa,sinitic.photo,available,29.99,29.99,high,medium,7,namesilo,,,10/09/2026 08:29
2ed877fa-3ed5-4f6d-93be-10976a41f57b,wrinkle.photo,available,29.99,29.99,medium,low,7,namesilo,,,13/08/2026 07:11
66a9c8a6-fe86-48de-9303-209d363aaf08,scummy.photo,available,29.99,29.99,medium,low,6,namesilo,,,
2251bc0c-b6d1-48f8-8c79-34df076fb743,rosa.photo,available,29.99,29.99,high,low,4,namesilo,,,28/09/2026 05:49
903d0ab5-96a0-4221-b1c6-80fa18a45879,masculine.photo,available,29.99,29.99,high,low,9,namesilo,,,25/09/2026 17:05
82ef5efe-c29b-45c9-8278-ee10a0c16476,tersely.photo,available,31.98,40.98,medium,low,7,namecheap,,,16/09/2026 08:13
591d07dd-7ee9-43df-b2d8-de2d6221dace,cypriote.photo,available,39.99,39.99,medium,low,8,name.com,,,13/08/2026 14:05
cee73b5c-75a0-4ce9-ae05-9cff39db2e3f,lifeless.photo,available,29.99,29.99,medium,low,8,namesilo,,,17/08/2026 15:52
804b00b3-0040-4c30-979d-14d95a51a1ea,tradition.photo,available,29.99,29.99,high,low,9,namesilo,,,
679a4bad-fec2-431c-9da3-c2031db5583b,mickey.photo,available,29.99,29.99,high,low,6,namesilo,,,25/09/2026 09:22
db2f0a21-9b85-4702-b829-8154439ef7e4,surviving.photo,available,29.99,29.99,high,low,9,namesilo,,,11/09/2026 04:49
4fde88a4-3a99-473f-a979-2100d59bb3b7,fumes.photo,available,26.08,26.08,high,low,5,spaceship,,,30/09/2026 01:34
4975cff1-9a1c-45b1-8670-8373e0484181,screeching.photo,available,29.99,29.99,medium,low,10,namesilo,,,09/09/2026 23:59
ae81aecc-90ca-4169-9fcb-480ba8b26068,small.photo,premium,103.7,103.7,high,low,5,spaceship,,,29/09/2026 19:21
f0188f45-bb94-4dd8-bb9a-6c4b3a6cc8a3,malayan.photo,available,29.99,29.99,high,low,7,namesilo,,,24/08/2026 13:44
c90e4021-3e9f-4e3c-994a-04d7d0ec045c,fluorescence.photo,available,26.08,26.08,medium,low,12,spaceship,,,27/09/2026 23:02
1bd310fe-9df9-4e95-a44a-c09a50c5d844,cosmologic.photo,available,29.99,29.99,medium,low,10,namesilo,,,13/08/2026 02:56
755e9d60-75fd-4bb4-baa7-b11641f8e22e,thoughtful.photo,available,29.99,29.99,high,low,10,namesilo,,,21/08/2026 05:59
042d2b12-da8c-4100-8482-afe30062b89e,responsive.photo,available,29.99,29.99,high,low,10,namesilo,,,22/09/2026 06:49
4a3bbad8-8017-4966-8898-c931fe7137ad,unsubtle.photo,available,29.99,29.99,medium,low,8,namesilo,,,12/09/2026 20:46
0c9e0dc8-ef08-434d-b985-c69ffc123572,hallux.photo,available,29.99,29.99,medium,low,6,namesilo,,,23/09/2026 14:56
1780fefb-10f8-4720-8944-909848879902,glaring.photo,available,29.99,29.99,high,low,7,namesilo,,,10/08/2026 13:47
475c3bbb-160e-4a69-9c03-093aaa24baa9,induce.photo,available,29.99,29.99,high,low,6,namesilo,,,
db4d7ee2-0364-4e64-ab74-120e0b3f2e98,gui.photo,available,29.99,29.99,high,low,3,namesilo,,,28/09/2026 09:56
c4af4fd4-254e-4e58-aee0-1a8d4d315fb2,kirkwood.photo,available,26.97,26.97,high,low,8,dynadot,,,29/09/2026 10:55
a72a81e4-bd0b-467e-8af6-b3c28b5aa6bf,buttonwood.photo,available,39.99,39.99,high,low,10,name.com,,,18/09/2026 20:34
0d30d95a-9c21-4bf4-9e95-b50c66ed5be2,jamal.photo,available,26.08,26.08,high,low,5,spaceship,,,29/09/2026 03:56
e10049f5-e8da-4ddb-9207-bb71e2077ebd,herbs.photo,available,31.98,40.98,high,low,5,namecheap,,,17/09/2026 01:23
b96de858-9260-4aa7-a173-d119c2b7dcc6,avon.photo,available,29.99,29.99,high,low,4,namesilo,,,28/09/2026 23:31
277ca196-a8b8-43ae-8d51-dab58eb74778,appointive.photo,available,29.99,29.99,medium,low,10,namesilo,,,06/08/2026 07:16
f204ea2b-b2f4-4054-aa9d-1bf0ec196deb,supernal.photo,available,29.99,29.99,medium,low,8,namesilo,,,11/09/2026 02:23
a2bafb21-4f27-4082-bd5f-37e1241c01b6,associates.photo,available,31.98,40.98,medium,low,10,namecheap,,,28/09/2026 08:50
bb89c3e2-b020-4cd1-906d-4f022c2b7699,guile.photo,available,29.99,29.99,medium,low,5,namesilo,,,13/08/2026 10:41
9c5daa9b-1aba-4c40-a8ff-5ccfbaa0cf4c,bedewed.photo,available,29.99,29.99,low,low,7,namesilo,,,09/08/2026 06:46
c6ea074d-162f-4ccf-a9df-89ce78147c85,capitular.photo,available,31.98,40.98,medium,low,9,namecheap,,,11/08/2026 17:58
2ff970e1-a26c-4ac8-ad28-c5a57d7384ef,agave.photo,available,29.99,29.99,high,low,5,namesilo,,,17/09/2026 16:37
f2683e76-9b3a-4660-91c3-a8d386a69264,smallish.photo,available,29.99,29.99,medium,low,8,namesilo,,,10/09/2026 11:46
39a4a8b1-0b03-45aa-9978-9b3be987c0ca,realist.photo,available,26.08,26.08,high,low,7,spaceship,,,30/09/2026 02:40
61b9e5fe-4f48-47b4-84b1-24d52a5e3c37,consultive.photo,available,29.99,29.99,medium,low,10,namesilo,,,
9ef78aae-a6fd-4f35-8ca8-3c2bf1560396,cbi.photo,premium,116,116,high,low,3,namesilo,,,29/09/2026 15:19
9b508cf8-0645-406f-9f34-1bd261849698,face.photo,premium,116,116,high,low,4,namesilo,,,24/09/2026 21:57
d30cbc73-b14b-4dc8-ad4f-57ef5c6ff510,wholesale.photo,premium,116,116,high,low,9,namesilo,,,28/09/2026 09:01
98be1418-18c5-4d61-83bc-7bf60a242bad,refresh.photo,available,29.99,29.99,high,low,7,namesilo,,,
cc7c8a14-3e72-4570-9556-90c7bc6c8641,nucleus.photo,available,26.08,26.08,high,medium,7,spaceship,,,29/09/2026 18:17
b6898ed6-d69e-4ebd-a006-e632fe5a986f,autopilot.photo,available,31.98,40.98,high,low,9,namecheap,,,21/09/2026 06:54
29982abe-a322-4a44-91e2-b728ddb999f8,popish.photo,available,29.99,29.99,medium,low,6,namesilo,,,05/09/2026 01:32
af97454e-0eee-42ea-b2b7-88da00a0c42f,cryogenic.photo,available,29.99,29.99,medium,low,9,namesilo,,,13/08/2026 09:35
ac91aa0f-8f4c-464c-932c-d7c95b6a1083,ldl.photo,premium,116,116,high,low,3,namesilo,,,23/09/2026 10:53
124a9a7d-c54a-478c-a51b-4417676ee907,specials.photo,available,29.99,29.99,medium,low,8,namesilo,,,29/09/2026 17:33
6d93b9dc-0bb9-4726-b426-8ebbfafc3b1f,blues.photo,available,29.99,29.99,high,low,5,namesilo,,,29/09/2026 03:01
cbfcacdc-a1ba-4772-8791-b88d74304b2f,ads.photo,premium,116,116,high,medium,3,namesilo,,,
b289f49f-56bb-47a1-901e-2b96e528e468,starch.photo,available,31.98,40.98,high,low,6,namecheap,,,19/09/2026 00:32
729e50ef-4681-4bf8-9779-ec4bd2dbf90f,prefaded.photo,available,29.99,29.99,high,medium,8,namesilo,,,09/09/2026 01:34
bff6a4dd-c34d-4359-b576-7f71f97c2d3e,scorpion.photo,available,26.08,26.08,high,low,8,spaceship,,,30/09/2026 02:48
2fb84a5b-b615-44f2-bc5d-b621497e6496,dishy.photo,available,29.99,29.99,high,low,5,namesilo,,,14/08/2026 11:03
ba1784f2-a159-4f7d-b04f-eee1b46e1c63,dominating.photo,available,29.99,29.99,medium,low,10,namesilo,,,07/08/2026 19:40
c16600f6-bc96-4916-b4c6-922b24865f19,outrageous.photo,available,29.99,29.99,high,low,10,namesilo,,,17/08/2026 17:38
d83c9fea-5505-4974-a931-fd8b864c8637,suggesting.photo,available,31.98,40.98,high,low,10,namecheap,,,27/09/2026 17:56
3469dc64-2558-477e-8af2-5052f622448d,evanescent.photo,available,29.99,29.99,high,low,10,namesilo,,,17/08/2026 14:37
7f1f5b35-f29e-4286-8651-b566c147a08a,chamberlin.photo,available,26.08,26.08,high,low,10,spaceship,,,29/09/2026 21:39
3b843b30-5399-4a09-8cb8-bd2616ac68a4,surgeon.photo,available,31.98,40.98,high,low,7,namecheap,,,25/09/2026 23:55
662b2026-b065-44a6-85f4-37c41590f0fc,fashionable.photo,available,26.08,26.08,high,low,11,spaceship,,,28/09/2026 15:41
f501e463-7a80-45f0-8788-efa80c0b01cf,emigrants.photo,available,29.99,29.99,medium,low,9,namesilo,,,27/09/2026 11:26
7f4e3f15-5a39-4dc0-a06d-b5b5c15e192f,theist.photo,available,29.99,29.99,medium,low,6,namesilo,,,11/09/2026 12:37
1b89e4cb-859c-471a-955b-488075c86595,artists.photo,available,26.08,26.08,high,low,7,spaceship,,,28/09/2026 00:02
5225b47f-7ce4-4b3c-adc9-dc68109b10b8,laptops.photo,premium,116,116,medium,low,7,namesilo,,,20/09/2026 12:33
0ffb1629-71d5-4160-8caa-b6f5a1f9afb8,caused.photo,available,31.98,40.98,medium,low,6,namecheap,,,25/09/2026 18:57
f25f824a-2d08-494b-a719-d4e6611942cd,hyaloid.photo,available,29.99,29.99,medium,low,7,namesilo,,,21/08/2026 16:08
fc59bd0e-8119-4e51-8ea6-b8db0986886e,drains.photo,available,29.99,29.99,medium,low,6,namesilo,,,29/09/2026 17:12
380c3496-8073-4f84-bb9d-e52dc3b2997d,bailiff.photo,available,31.98,40.98,medium,low,7,namecheap,,,21/09/2026 19:06
13d149e1-5ee9-4757-ad9e-ab0e2cc71726,washup.photo,available,31.98,40.98,medium,low,6,namecheap,,,24/09/2026 22:42
2b947181-7f2f-4c18-9e56-3303f2d812cf,screaming.photo,available,29.99,29.99,high,low,9,namesilo,,,09/09/2026 23:52
5a3223e1-e96e-4f3a-b637-3dbd62262104,divorce.photo,premium,116,116,high,low,7,namesilo,,,14/08/2026 11:12
300792c6-3578-4964-976f-05f43a4469f3,kearney.photo,available,29.99,29.99,high,low,7,namesilo,,,28/09/2026 04:09
56e5ece7-09c0-4915-ba78-2f6871ab13da,average.photo,available,29.99,29.99,high,low,7,namesilo,,,22/09/2026 14:28
a8a2a999-4d85-47ad-9a11-83369c4961a1,stoolie.photo,available,29.99,29.99,medium,low,7,namesilo,,,11/08/2026 16:46
48e49dc5-707a-4a73-85a0-2dda7bbdecbe,horne.photo,available,26.97,26.97,high,low,5,dynadot,,,27/09/2026 14:08
97323a00-a115-46b5-9ee9-f570c540481c,fairview.photo,available,29.99,29.99,medium,low,8,namesilo,,,28/09/2026 16:52
fb2963b9-350e-45c6-9553-36a6a90f5bcb,readily.photo,available,29.99,29.99,medium,low,7,namesilo,,,15/09/2026 21:42
1261ac52-1fb0-4731-8cc4-1e90183467de,discerning.photo,available,29.99,29.99,high,low,10,namesilo,,,06/08/2026 08:23
8080da0a-5b48-4194-beda-b0c49e090dd9,salzburg.photo,available,26.08,26.08,high,low,8,spaceship,,,28/09/2026 03:02
76620714-0302-4413-9304-958551ac2287,indiscreet.photo,available,29.99,29.99,medium,low,10,namesilo,,,22/08/2026 03:07
7e52d916-4036-4585-bbfc-428eb9b4a75d,alkahest.photo,available,31.98,40.98,medium,low,8,namecheap,,,18/09/2026 03:42
ab93105c-7861-4244-bdbd-27d0411f31cd,emphasise.photo,available,29.99,29.99,high,low,9,namesilo,,,16/09/2026 21:53
7729d598-a037-411c-90fa-92acfaecff90,facial.photo,premium,125,125,high,low,6,name.com,,,17/08/2026 20:25
5a9091ec-f9f0-437b-a7e5-27c12e849300,exclude.photo,available,29.99,29.99,high,low,7,namesilo,,,22/09/2026 03:43
b7c14171-97e3-4a89-b4e0-8e96a346d36d,unions.photo,available,26.08,26.08,medium,low,6,spaceship,,,30/09/2026 00:35
33b27cc7-f2cc-4736-b054-894cbaaed2bf,jaggy.photo,available,29.99,29.99,medium,low,5,namesilo,,,17/08/2026 12:34
7e54e20b-80ae-4478-80ef-acd9888530fd,modena.photo,available,29.99,29.99,high,low,6,namesilo,,,29/09/2026 03:43
1df032d1-9167-4a4d-b865-7b2b2834c423,pistol.photo,available,29.99,29.99,high,low,6,namesilo,,,27/09/2026 04:22
3295a880-c2d7-41a9-9ab0-0e567000d957,haunted.photo,available,29.99,29.99,high,low,7,namesilo,,,21/08/2026 01:31
554e88c3-b092-40af-886b-bdb6cb609df4,uncounted.photo,available,29.99,29.99,high,low,9,namesilo,,,13/08/2026 03:44
673d753a-bbb1-49b5-9f39-16db12269dfb,wrought.photo,available,29.99,29.99,high,low,7,namesilo,,,25/08/2026 03:48
c3842743-2a60-4a0e-b79e-7c106d8dd290,jewell.photo,available,29.99,29.99,medium,low,6,namesilo,,,29/09/2026 04:07
dea95256-05c4-49f2-82a4-391b38c1a787,blacken.photo,available,29.99,29.99,medium,low,7,namesilo,,,10/08/2026 11:10
c984ab9d-76e6-4a55-9cb2-000f3896e9cd,relevant.photo,available,29.99,29.99,high,low,8,namesilo,,,09/09/2026 13:33
81586900-61c0-449c-bf6c-7c0c28efa269,autotelic.photo,available,31.98,40.98,high,low,9,namecheap,,,07/08/2026 21:08
341dc707-3631-42bd-80bd-7e5aabb26482,spacecraft.photo,available,29.99,29.99,high,low,10,namesilo,,,21/09/2026 22:54
e01079de-cf2a-449b-8722-7680b0108def,inland.photo,available,29.99,29.99,high,low,6,namesilo,,,22/08/2026 05:49
f9c8fb77-4056-486d-8b02-c7fa5c456ccf,amaretto.photo,available,29.99,29.99,high,low,8,namesilo,,,18/09/2026 15:58
d9200af7-33ea-4ca4-ad80-24c7cb9a967d,highschool.photo,premium,116,116,high,low,10,namesilo,,,29/09/2026 22:46
60f9e19e-9dbc-4dbe-90cf-91d554a71d02,fujian.photo,available,26.08,26.08,high,low,6,spaceship,,,29/09/2026 09:46
29e199be-1ef9-44f9-b78c-b4f1ee3c8f81,tricksy.photo,available,29.99,29.99,medium,low,7,namesilo,,,13/08/2026 04:36
4ed8d733-9420-458b-b0fa-11b2038be67b,regulated.photo,available,29.99,29.99,high,low,9,namesilo,,,09/09/2026 13:06
d0bc348d-a820-444a-bbab-219a14dd5729,tickle.photo,available,29.99,29.99,high,low,6,namesilo,,,11/09/2026 15:31
207d9b0b-0469-423a-97b4-4c7e3f488303,epidermic.photo,available,39.99,39.99,medium,low,9,name.com,,,13/08/2026 13:09
4dca59d5-e301-405b-a3cf-9636765fc53a,pumps.photo,available,26.97,26.97,medium,low,5,dynadot,,,28/09/2026 17:44
8273b8b7-5df4-4384-aece-76ec6be99b94,bipolar.photo,available,29.99,29.99,high,low,7,namesilo,,,10/08/2026 05:30
0a78aa49-e962-4bc9-bc3c-de53cf3bfcb9,venomous.photo,available,29.99,29.99,medium,low,8,namesilo,,,13/09/2026 02:08
dd1f579a-42cb-4187-afda-c0916b8566e3,baccharis.photo,available,29.99,29.99,high,low,9,namesilo,,,21/09/2026 14:00
bd81a04d-47aa-4468-b9b4-2a2be968eede,cholera.photo,available,29.99,29.99,medium,low,7,namesilo,,,20/09/2026 14:08
38cb8460-c5e4-4bc7-a397-079b595ed553,estimating.photo,available,29.99,29.99,medium,low,10,namesilo,,,
5fd3ae24-2202-481a-8f41-988d564fdeec,conquered.photo,available,26.08,26.08,medium,low,9,spaceship,,,28/09/2026 23:05
b463cbba-68a8-421f-96f6-d8faefc86a56,equality.photo,available,26.08,26.08,high,low,8,spaceship,,,28/09/2026 19:07
1193054d-6bed-43a2-a24d-920c39b9e3c3,ocher.photo,available,29.99,29.99,high,low,5,namesilo,,,04/09/2026 00:31
5a2250e7-6f58-4fd9-b909-bc79bf772090,routine.photo,available,31.98,40.98,high,low,7,namecheap,,,24/09/2026 15:39
1f2740ac-9598-43d4-986a-f728ceef5e60,fungous.photo,available,29.99,29.99,low,low,7,namesilo,,,18/08/2026 18:30
64fd04a6-f8fc-4c63-8bd4-7cbbf4aa1577,ointment.photo,available,29.99,29.99,high,low,8,namesilo,,,16/08/2026 15:54
198a7ae5-77ef-44bf-9841-7903b8ec5f2e,omnipotent.photo,available,29.99,29.99,high,low,10,namesilo,,,
ab7eb411-f734-4da0-a0c8-8c0d38a36c3a,financially.photo,available,29.99,29.99,medium,low,11,namesilo,,,28/09/2026 12:33
79ccc599-8c39-4a52-9037-625607914e3f,dentist.photo,available,29.99,29.99,high,low,7,namesilo,,,29/09/2026 13:59
363bc068-0a54-4ddf-8d09-0ec7e0ca736a,bent.photo,available,29.99,29.99,medium,low,4,namesilo,,,09/08/2026 14:16
57eeed63-305d-421b-9471-3205b7959096,compose.photo,premium,130,130,high,low,7,namecheap,,,28/09/2026 20:09
0e243aaf-77a1-46d9-bea2-01e352b43748,fil.photo,premium,116,116,high,low,3,namesilo,,,30/09/2026 03:20
7774a1c3-73d1-431e-be46-3460c20b939c,minutely.photo,available,29.99,29.99,medium,low,8,namesilo,,,15/09/2026 15:04
618a0905-19cb-472c-9521-ed192d6fdda4,soiled.photo,available,29.99,29.99,medium,low,6,namesilo,,,14/08/2026 09:10
41d15121-34e6-4204-a619-5f1cb47057c1,gingery.photo,available,29.99,29.99,high,low,7,namesilo,,,18/08/2026 23:53
77fc7014-5dd2-426d-a571-18e7c45f5961,insect.photo,available,26.08,26.08,high,low,6,spaceship,,,29/09/2026 15:08
64033c85-81e9-4495-951d-c0a6cf991ea0,ghost.photo,premium,116,116,high,medium,5,namesilo,,,25/09/2026 06:32
30775638-e005-4abf-8fff-1cf9af8eff5a,wax.photo,premium,116,116,high,low,3,namesilo,,,
91a91422-31bf-4fcb-b9b2-b76331253e2b,gaming.photo,premium,109.69,109.69,high,low,6,porkbun,,,29/09/2026 20:33
402b7256-3dee-401f-8de4-7beee2339ed1,folded.photo,available,26.97,26.97,medium,low,6,dynadot,,,28/09/2026 16:55
c05a97ad-ad8d-494b-8e62-eb9a84201a83,metal.photo,premium,130,130,high,low,5,namecheap,,,25/09/2026 19:55
5b7e008c-3f5f-4015-81f1-a78821d31442,nailed.photo,available,29.99,29.99,medium,low,6,namesilo,,,18/09/2026 21:49
c1be0865-175a-4411-9ab4-b9c406db1c1e,task.photo,available,29.99,29.99,high,low,4,namesilo,,,28/09/2026 06:18
98e033c6-dc11-42e4-92f8-3c6eb869831b,gibe.photo,available,31.98,40.98,medium,low,4,namecheap,,,22/09/2026 04:17
6fe586ac-f3bc-4f00-a9a5-18932458fa91,crudely.photo,available,31.98,40.98,medium,low,7,namecheap,,,13/09/2026 20:58
b7f5b80b-b342-4e93-953f-88ab38f9a424,moistly.photo,available,29.99,29.99,low,low,7,namesilo,,,14/09/2026 10:31
ddf9041a-2b19-4124-911d-f70a3ffd38f0,occasions.photo,available,29.99,29.99,high,low,9,namesilo,,,28/09/2026 14:59
cfb0fda6-20b2-4f73-96a5-ff941166c096,inconsistent.photo,available,29.99,29.99,medium,low,12,namesilo,,,
163c76b4-0666-448c-a746-1e60bf5a93bb,aplite.photo,available,29.99,29.99,medium,low,6,namesilo,,,19/09/2026 17:42
5442f979-a3c0-4561-aedb-54ff00f615f4,kitschy.photo,available,29.99,29.99,medium,low,7,namesilo,,,09/08/2026 00:53
3d231110-7cb5-42df-a499-3e13a976644b,diver.photo,resell,,,high,low,5,,,,29/09/2026 00:40
d82efae1-ed66-4101-a906-ebe77c23fbb0,part.photo,premium,130,130,high,low,4,namecheap,,,15/09/2026 19:03
e7b91a0d-fb48-460a-aa84-d870ebbde0cb,clancy.photo,available,26.08,26.08,medium,low,6,spaceship,,,28/09/2026 21:20
0c35a1be-eba2-4dea-8aa1-6ca07e85120b,nilpotent.photo,available,29.99,29.99,medium,low,9,namesilo,,,03/09/2026 17:28
b02112c9-aa2f-4193-8eab-288f58b93be6,refer.photo,available,29.99,29.99,high,low,5,namesilo,,,24/09/2026 15:03
2bcc9833-45d9-4b41-90a7-986161a0164e,dissolute.photo,available,39.99,39.99,medium,low,9,name.com,,,13/08/2026 20:19
d5779f8f-ac2f-49b7-a7e1-aa3f8a40e914,dear.photo,available,31.98,40.98,high,low,4,namecheap,,,22/09/2026 19:24
39330f2e-fea4-4012-8405-0e10e6425c4c,enteric.photo,available,29.99,29.99,medium,low,7,namesilo,,,17/08/2026 09:53
2cf022eb-4c41-4235-9d7b-eddf7cfade1b,brambly.photo,available,29.99,29.99,medium,low,7,namesilo,,,11/08/2026 01:59
9ad8b543-7f16-4b65-80eb-c8b85dc3ee75,indulge.photo,available,29.99,29.99,high,low,7,namesilo,,,21/09/2026 13:04
66b65eeb-a14b-46fa-a0b0-a4de27b9e901,hyoid.photo,available,29.99,29.99,medium,low,5,namesilo,,,21/08/2026 16:35
c05fb129-225b-4dd1-9696-a0ad7c8970e2,finely.photo,available,29.99,29.99,high,low,6,namesilo,,,14/09/2026 11:23
6b3778bd-a4c7-4109-ad24-9ef737ddc61c,regretful.photo,available,29.99,29.99,high,medium,9,namesilo,,,09/09/2026 13:00
a9beea60-952a-4e1d-ac2a-120c2bab2917,horsepower.photo,available,31.98,40.98,high,low,10,namecheap,,,29/09/2026 19:06
d3647adb-c5db-4a93-8d10-46ab997da62d,indigo.photo,available,29.99,29.99,high,low,6,namesilo,,,22/08/2026 03:01
f215e199-a1a7-4f9b-ad52-e5f55c1dae77,slew.photo,available,29.99,29.99,high,low,4,namesilo,,,25/08/2026 00:42
6a11d5a3-c1c5-4031-b70a-be9ddb0ab7a3,transplant.photo,available,26.26,26.26,high,low,10,porkbun,,,28/09/2026 02:03
6ba9692f-f267-40f5-864d-ad88c989d962,nonfinite.photo,available,31.98,40.98,medium,low,10,namecheap,,,03/09/2026 18:26
c14b0343-8430-4055-9318-c826f3963d2d,mask.photo,available,26.08,26.08,high,low,4,spaceship,,,29/09/2026 10:08
ed8ec3aa-f463-4c3b-8370-2c64f38859f6,heckler.photo,available,29.99,29.99,medium,low,7,namesilo,,,21/09/2026 17:11
ebbf62bd-b27d-437d-b6aa-8c3e9dc543a0,claimant.photo,available,29.99,29.99,high,low,8,namesilo,,,24/09/2026 15:11
9c0f7d21-ef04-48dd-9d37-a1541d6e694b,solve.photo,available,29.99,29.99,high,low,5,namesilo,,,
be0e759d-d954-41f7-a2cd-5318bc7f960d,validating.photo,available,31.98,40.98,high,low,10,namecheap,,,12/08/2026 20:53
96874549-789a-4946-a44d-2c4d27ab67d1,framework.photo,available,29.99,29.99,high,low,9,namesilo,,,25/08/2026 02:30
6fc76544-4221-4147-9238-99fc868f527a,machinist.photo,available,29.99,29.99,high,low,9,namesilo,,,19/09/2026 17:14
afa9744c-8a77-4805-8972-2b1be0bb4b03,composing.photo,available,31.98,40.98,high,low,9,namecheap,,,24/09/2026 16:54
5c084514-a603-4fd1-80b2-27d851931e60,cams.photo,available,31.98,40.98,high,low,4,namecheap,,,20/09/2026 11:30
91e4d86e-0599-4c05-9512-d818f9475fd4,adjacent.photo,available,29.99,29.99,high,low,8,namesilo,,,
a8f32ebb-d291-4b09-94b2-d88e5500cd89,hood.photo,available,31.98,40.98,high,medium,4,namecheap,,,27/09/2026 08:13
8a5a62cf-4317-44ef-8ea4-6d18f410b71f,intrastate.photo,available,29.99,29.99,high,low,10,namesilo,,,22/08/2026 08:45
c89fd334-e5e2-4fb8-83e3-40946f27a1b3,action.photo,premium,109.69,109.69,high,medium,6,porkbun,,,30/09/2026 01:30
ad6d084e-185e-4c9d-bec1-aa03a303c762,sodden.photo,available,29.99,29.99,medium,low,6,namesilo,,,10/09/2026 13:24
9f1c05be-c1e4-45a7-a8a5-4c1fb3d13db0,archaeology.photo,available,26.26,26.26,high,low,11,porkbun,,,29/09/2026 22:59
462e7a2d-86cf-4f93-b4d7-747b2f53630b,important.photo,available,29.99,29.99,high,low,9,namesilo,,,22/09/2026 13:54
0a519db4-97ad-4b68-b266-13ee71bfe49f,battery.photo,premium,116,116,high,low,7,namesilo,,,20/09/2026 15:54
9a5aaf7e-6bb0-433e-8f83-40a2ad87823e,guantanamo.photo,available,26.26,26.26,medium,low,10,porkbun,,,28/09/2026 09:58
4b897546-8a2e-42b7-98f6-a131071299b7,benignly.photo,available,29.99,29.99,medium,low,8,namesilo,,,13/09/2026 23:51
f783d9aa-7016-47cb-b58c-3825948a5988,acrilan.photo,available,29.99,29.99,medium,low,7,namesilo,,,17/09/2026 03:06
d444debc-6d7e-4c90-be07-d029b608c86c,represents.photo,available,29.99,29.99,high,low,10,namesilo,,,28/09/2026 05:02
5f8ae2df-1118-4d62-a2f2-063d1ee2446b,opportune.photo,available,29.99,29.99,medium,low,9,namesilo,,,04/09/2026 16:43
79562c20-6760-47dd-b753-bfb6bacf7402,matching.photo,available,29.99,29.99,high,low,8,namesilo,,,12/08/2026 13:23
e1c553ad-effe-4d42-bc05-56b6209c295b,extraneous.photo,available,31.98,40.98,medium,low,10,namecheap,,,17/08/2026 19:20
7fa7582d-4c33-44a5-9b9f-ae72ea506136,tatum.photo,available,29.99,29.99,high,low,5,namesilo,,,20/09/2026 10:00
8ee09e37-33b9-475b-97a4-f081c8f3e714,barter.photo,available,29.99,29.99,high,low,6,namesilo,,,29/09/2026 01:18
11670662-96d8-4ad3-9d1c-e597fdce1b62,visited.photo,available,29.99,29.99,high,low,7,namesilo,,,
b6cea9bf-3d6d-4f2f-9ccd-5581ab99f1e1,drained.photo,available,31.98,40.98,medium,low,7,namecheap,,,14/08/2026 18:17
6cc3c0fa-2422-42e6-9fa4-17723b760a34,rob.photo,premium,130,130,high,low,3,namecheap,,,25/09/2026 22:49
48b88f47-3cf6-4e16-a6fe-9387c3b0f089,handful.photo,available,26.08,26.08,high,low,7,spaceship,,,28/09/2026 05:45
276a3fff-af20-4f9e-96a2-418b662fa963,abdias.photo,available,31.98,40.98,medium,low,6,namecheap,,,16/09/2026 14:41
690f7349-d1a9-498a-987e-ec7b409e6fba,ungodly.photo,available,29.99,29.99,medium,low,7,namesilo,,,22/08/2026 05:29
3a90328c-01cb-4f40-98fb-717369162bfe,terrifying.photo,available,29.99,29.99,medium,low,10,namesilo,,,28/09/2026 02:19
0f9ab141-2739-46e4-a29e-c9e806bd06da,conqueror.photo,available,29.99,29.99,high,low,9,namesilo,,,24/09/2026 17:25
fb43f703-5d71-4c3a-af98-09fa7b4af43b,flavourful.photo,available,29.99,29.99,high,low,10,namesilo,,,18/08/2026 07:06
7c1f428f-b02f-40b0-8300-87e8a4a2d06b,agential.photo,available,29.99,29.99,high,low,8,namesilo,,,
f72f3831-ed30-4ee8-8633-42cebb128f6e,ipswich.photo,available,26.08,26.08,high,low,7,spaceship,,,27/09/2026 19:23
2482d52d-19c3-4286-8db7-c01eb093879c,midway.photo,available,29.99,29.99,high,low,6,namesilo,,,11/08/2026 23:58
a1e3f67c-6d2d-4ee2-a811-4cac9f961cb9,anemometer.photo,available,29.99,29.99,medium,low,10,namesilo,,,19/09/2026 05:15
e25d786d-4350-4cf1-9e9f-96f127b702fc,tongue.photo,available,31.98,40.98,high,low,6,namecheap,,,29/09/2026 20:52
4230ea78-9fbe-44e2-8664-549d35d91d8b,locked.photo,available,29.99,29.99,high,low,6,namesilo,,,27/09/2026 02:54
2b787259-1d7d-4a65-97ec-aa706e305926,zambian.photo,available,29.99,29.99,high,low,7,namesilo,,,13/09/2026 15:05
d77591d1-27b2-4908-850c-aada0adf45c4,accounting.photo,premium,116,116,high,low,10,namesilo,,,29/09/2026 22:48
54afb7c0-cb05-4cdf-a15a-0d504a9891ff,cleansing.photo,available,29.99,29.99,high,low,9,namesilo,,,
56033566-e28a-45ee-8c1f-466b5327042f,waggon.photo,available,31.98,40.98,high,low,6,namecheap,,,22/09/2026 19:02
0d84a8f4-bba8-4246-a807-673df7101675,antenna.photo,available,26.26,26.26,high,low,7,porkbun,,,28/09/2026 21:39
412fd28f-a0fd-4954-a643-73048015c672,uub.photo,premium,130,130,medium,low,3,namecheap,,,20/09/2026 22:14
2f653fc2-4dd5-438c-9de6-6ac99d84a371,frilled.photo,available,29.99,29.99,medium,low,7,namesilo,,,18/08/2026 15:49
ff694a86-ef5c-4728-8c0b-0a64833ea888,araguaia.photo,available,29.99,29.99,medium,low,8,namesilo,,,19/09/2026 23:45
a4f2e047-9e0b-4319-b8a3-6f4af7f4ea4c,brainstorm.photo,available,29.99,29.99,high,low,10,namesilo,,,24/09/2026 08:05
de90b221-b2f9-4474-8455-0f599df27303,mutilated.photo,available,29.99,29.99,medium,low,9,namesilo,,,24/08/2026 13:22
c486cfcb-9b8a-42ac-af17-7e014d1b83bf,deadline.photo,available,29.99,29.99,high,low,8,namesilo,,,29/09/2026 13:23
6ddf1226-30fa-4ff4-9621-448d9e0acf11,inbred.photo,available,29.99,29.99,medium,low,6,namesilo,,,22/08/2026 00:42
c56ad6fc-7180-4b5a-93fd-3dc85dd1790a,fonda.photo,available,26.08,26.08,high,low,5,spaceship,,,29/09/2026 06:57
0ef3a8ed-1491-4403-a57f-24ea4c9ff7f8,barkley.photo,available,29.99,29.99,high,low,7,namesilo,,,18/09/2026 02:32
09735283-2bdb-43be-841d-ba1609d79ef7,anode.photo,available,29.99,29.99,high,low,5,namesilo,,,19/09/2026 11:14
56eed181-b0c0-4c5c-9ae6-30e164780702,navigator.photo,available,26.08,26.08,high,medium,9,spaceship,,,28/09/2026 19:58
c86d1d68-5e8d-49d9-8d75-00dfee38f717,exceeded.photo,available,26.08,26.08,medium,low,8,spaceship,,,30/09/2026 00:20
d161c77d-9667-4c61-9bfd-64dd9cad6f2f,typing.photo,available,29.99,29.99,high,low,6,namesilo,,,
f919668f-d948-4306-9e1c-378fad2a7ed7,amblyopia.photo,available,29.99,29.99,medium,low,9,namesilo,,,18/09/2026 17:11
d76d000a-7aa2-4595-8055-6f49d1e9501e,whitney.photo,available,26.08,26.08,medium,low,7,spaceship,,,28/09/2026 13:59
9af6ed3d-29af-45ee-bd2b-2d2490c6e2a4,jervis.photo,available,26.08,26.08,medium,low,6,spaceship,,,29/09/2026 15:49
c28f5c6d-71b4-4762-9b5d-a10a2e94ca11,crunch.photo,available,31.98,40.98,high,low,6,namecheap,,,24/09/2026 19:53
f1101741-2041-46ac-8dd0-8b39d3949f10,neapolitan.photo,available,29.99,29.99,medium,low,10,namesilo,,,03/09/2026 14:18
690b6b9a-908a-405a-b79b-d6e1f2c81c0f,fragmental.photo,available,29.99,29.99,high,low,10,namesilo,,,18/08/2026 14:01
19e81573-e94b-4d5f-ae9e-b0307188fcaf,stolen.photo,available,29.99,29.99,high,low,6,namesilo,,,26/09/2026 00:36
b141a511-46f2-4bdd-a4ce-78be4d07bf51,assemble.photo,available,26.08,26.08,high,low,8,spaceship,,,28/09/2026 09:53
11a331b1-d05c-4e03-816d-e207a89c5211,continuo.photo,available,29.99,29.99,medium,low,8,namesilo,,,22/09/2026 12:27
154ac5fb-d3e6-4517-86d1-53cc68472146,xeric.photo,available,29.99,29.99,medium,low,5,namesilo,,,13/09/2026 14:07
f8b467db-e4ca-44e1-b19a-e414bb17e2ed,ballet.photo,premium,116,116,high,low,6,namesilo,,,21/09/2026 22:51
4f3ec570-f8f4-429c-be4a-2d1055446c92,cymose.photo,available,39.99,39.99,medium,low,6,name.com,,,13/08/2026 13:57
562ee923-ee1c-49d1-9c6f-90f8d8476d7a,ipa.photo,available,31.98,40.98,high,low,3,namecheap,,,29/09/2026 09:21
4afcaf83-cd9c-4f6b-ba7f-c06b2480f6d6,acm.photo,premium,103.7,103.7,high,low,3,spaceship,,,28/09/2026 03:40
7ef552e7-134a-4ae2-8dc0-eb085200102f,case.photo,premium,116,116,high,low,4,namesilo,,,29/09/2026 07:33
6de1855c-aebf-460e-aabe-4ddb98ff9bec,seating.photo,available,29.99,29.99,high,low,7,namesilo,,,29/09/2026 02:06
57019ef3-18e2-495c-8d79-8ebb8ceeb3c2,gloss.photo,available,29.99,29.99,high,low,5,namesilo,,,08/09/2026 22:58
89a427b1-5af3-427a-b6ec-b3ff9a1f4394,candent.photo,available,29.99,29.99,medium,low,7,namesilo,,,11/08/2026 16:37
fc49751b-0ad0-4a7e-b461-f89b7ba9cc57,devise.photo,available,26.08,26.08,high,low,6,spaceship,,,29/09/2026 14:42
cee917e4-770f-4f58-93ac-7d4117cf71c1,bankhead.photo,available,29.99,29.99,medium,low,8,namesilo,,,22/09/2026 02:47
8d99127f-e098-4caa-a7a9-57c6c50ddae4,historical.photo,available,29.99,29.99,high,low,10,namesilo,,,24/09/2026 10:25
fc4d6a17-2620-44a4-9ee5-c334e7536d1f,exhaustion.photo,available,29.99,29.99,medium,low,10,namesilo,,,29/09/2026 13:24
867c6d2e-d0de-4bef-aeb4-fd94578cf2ab,allemande.photo,available,29.99,29.99,medium,low,9,namesilo,,,18/09/2026 10:46
0ab83567-2371-4e9d-b84e-03c92fc1c6ac,donation.photo,premium,130,130,high,low,8,namecheap,,,29/09/2026 16:32
f408f443-ccd1-4628-b0a9-87391b646947,runaway.photo,available,29.99,29.99,high,low,7,namesilo,,,18/08/2026 17:46
7f2ab7dd-d516-487c-b216-def030155fe6,chef.photo,premium,116,116,high,low,4,namesilo,,,24/09/2026 14:14
4cf74c0f-f9a1-47d7-9b79-26074b41acd7,benighted.photo,available,29.99,29.99,low,low,9,namesilo,,,08/09/2026 09:10
9bdda35e-e0bb-497c-9d33-d12933d34b65,wherever.photo,available,31.98,40.98,medium,low,8,namecheap,,,16/09/2026 11:29
61f81f1c-f68e-4638-9ef8-b9cbdeb5591b,neem.photo,available,29.99,29.99,high,low,4,namesilo,,,20/09/2026 05:40
5cb76031-da66-4c62-87a4-cd0a34bb59ce,palpably.photo,available,31.98,40.98,medium,low,8,namecheap,,,15/09/2026 18:55
a8c28b75-8d0f-4271-b351-7ed2995c748d,impound.photo,available,31.98,40.98,high,low,7,namecheap,,,12/08/2026 21:04
6c11159a-3464-438b-a23b-fd1d41ecb67a,audiogram.photo,available,29.99,29.99,medium,low,9,namesilo,,,21/09/2026 02:55
5b45aed4-ca49-4585-9403-84b655ea6adf,jews.photo,available,29.99,29.99,medium,low,4,namesilo,,,
a11e0475-2fe8-4b23-8de9-5a39518525f3,polysemous.photo,available,29.99,29.99,medium,low,10,namesilo,,,08/09/2026 23:31
ccda2056-5589-47f6-8617-0eab6f5e96a3,looked.photo,available,29.99,29.99,high,low,6,namesilo,,,18/09/2026 11:20
9ebb2e40-47e1-4fb8-a168-48439eb73d94,alarming.photo,available,29.99,29.99,medium,low,8,namesilo,,,
ac821e81-fa1a-4ed2-92cf-9c2bfdc5b3a4,greeley.photo,available,31.98,40.98,medium,low,7,namecheap,,,28/09/2026 14:21
a2883795-9a8a-44ac-8197-71c76f945e3f,buckle.photo,available,31.98,40.98,medium,low,6,namecheap,,,28/09/2026 18:30
89cded6e-4652-4cb7-89c6-608ab3c2cf00,drunken.photo,available,31.98,40.98,medium,low,7,namecheap,,,09/08/2026 19:02
fb46b85c-3546-4a63-bc1f-94fa617f15c5,hand.photo,available,31.98,40.98,high,low,4,namecheap,,,29/09/2026 04:06
823a5d51-8d49-4629-a609-3144431370e0,integral.photo,available,29.99,29.99,high,low,8,namesilo,,,23/09/2026 10:33
4909d51a-17b5-4212-b98a-a3f3665aa182,perceptual.photo,available,29.99,29.99,high,low,10,namesilo,,,08/09/2026 16:15
3506a306-ce4e-4039-a724-94f889f0327e,chooses.photo,available,26.08,26.08,low,low,7,spaceship,,,28/09/2026 18:06
fb40956f-11be-496b-b58c-31dc7ed38fb0,pre.photo,premium,116,116,high,low,3,namesilo,,,
9a084c10-770a-4727-adfc-262aa25bb00a,cunning.photo,available,29.99,29.99,high,low,7,namesilo,,,24/09/2026 01:26
7456a599-d81b-4bd5-b0ac-7275f49af08b,nanus.photo,available,29.99,29.99,medium,low,5,namesilo,,,24/08/2026 22:32
2cb7a736-28b4-48e9-9c76-67b6c2d1b897,knuckles.photo,available,26.26,26.26,medium,low,8,porkbun,,,30/09/2026 00:51
2602e8a8-0f82-4082-a9fc-42a350706898,recounting.photo,available,29.99,29.99,high,low,10,namesilo,,,11/09/2026 10:26
5e681d92-a77b-4f29-b58a-8ee9dfa2c07d,unlikeable.photo,available,29.99,29.99,medium,low,10,namesilo,,,12/09/2026 00:56
5563befc-71bf-41b2-b6df-832fa410da91,philip.photo,available,29.99,29.99,high,low,6,namesilo,,,29/09/2026 17:06
cb778fd9-8c73-47fd-ade3-a4cb61d70ef1,ipsus.photo,available,29.99,29.99,medium,low,5,namesilo,,,22/09/2026 15:09
b4cd3ad1-31ac-4360-ace4-231e650e8896,seeds.photo,available,39.99,,high,low,5,name.com,,,
130bdea4-4465-47b1-a24a-78af62f38a40,jugoslav.photo,available,29.99,29.99,high,low,8,namesilo,,,13/09/2026 14:52
dbd33131-f635-4bc1-9746-c7a66f988d59,clump.photo,available,29.99,29.99,high,low,5,namesilo,,,11/09/2026 15:08
c7665cc1-4313-4972-9789-6d8969ac4cdd,employ.photo,available,29.99,29.99,high,low,6,namesilo,,,08/09/2026 13:39
e264167e-d107-4a01-924b-9866ffbf1452,impaired.photo,available,31.98,40.98,medium,low,8,namecheap,,,21/08/2026 21:40
1b729c5d-25b8-492c-8d41-682b483ab7e4,arnica.photo,available,29.99,29.99,high,low,6,namesilo,,,20/09/2026 08:11
798d6d42-9e14-40a8-b7f7-2e651edf5952,exception.photo,available,26.08,26.08,high,low,9,spaceship,,,29/09/2026 18:20
8b98a513-9fc8-40b8-a11e-11d5d81992a0,atopy.photo,available,29.99,29.99,medium,low,5,namesilo,,,21/09/2026 00:33
ce2dccfa-493c-4a03-81de-4d332d9179e1,interruption.photo,available,29.99,29.99,medium,low,12,namesilo,,,29/09/2026 15:58
c4b38f1e-d2fd-4621-a285-d70c170efb1e,cosmopolitan.photo,available,26.08,26.08,high,medium,12,spaceship,,,29/09/2026 14:34
95e0df33-9883-40bd-b6cf-28eed3a2803d,overlooking.photo,available,26.08,26.08,medium,low,11,spaceship,,,30/09/2026 00:35
2c1fe75e-b027-4a0e-b2d2-ad1c96ca1adb,orthoptic.photo,available,31.98,40.98,high,low,9,namecheap,,,04/09/2026 18:06
585dcb84-631f-4452-82c2-791f15843765,restrictions.photo,available,31.98,40.98,medium,low,12,namecheap,,,29/09/2026 23:44
8f1923e5-93e6-4e15-89de-9c7619eadd70,sonsie.photo,available,31.98,40.98,medium,low,6,namecheap,,,10/08/2026 20:34
664dcae8-001c-474b-b97f-ef300c427edd,pharmacist.photo,available,29.99,29.99,high,low,10,namesilo,,,28/09/2026 21:46
91009a55-5ff7-462d-9daf-8e26d97d8e27,slavish.photo,available,29.99,29.99,medium,low,7,namesilo,,,10/09/2026 10:38
edea24f9-945e-4f8e-b6b0-7524905d9f81,aflutter.photo,available,29.99,29.99,medium,low,8,namesilo,,,
0d8607d8-6b7e-42ac-87da-3ab3f3ea5cbf,clxx.photo,available,29.99,29.99,medium,low,4,namesilo,,,
d3434066-3d01-4c92-a3a0-24410869f6c0,cambodian.photo,available,29.99,29.99,high,low,9,namesilo,,,11/08/2026 15:40
bc25ba04-edcb-4311-9153-0ee9bcfce35b,ironic.photo,available,29.99,29.99,high,low,6,namesilo,,,25/09/2026 11:21
407dada9-81f8-454c-a706-25e4fa64c513,bloodless.photo,available,29.99,29.99,medium,low,9,namesilo,,,07/08/2026 02:19
141afc16-b4e2-4429-abca-893673d9906f,nascar.photo,available,26.08,26.08,high,low,6,spaceship,,,29/09/2026 03:51
e7a03b91-6236-4f97-928b-27e24b68609e,folly.photo,available,29.99,29.99,high,low,5,namesilo,,,23/09/2026 11:19
41935afc-5543-4fe9-873f-c814899306fe,frustrating.photo,available,29.99,29.99,medium,low,11,namesilo,,,29/09/2026 14:46
33c04a0b-b0c0-4c5a-92a3-0a8460f356ec,promo.photo,premium,125,,high,low,5,name.com,,,
eaf2585c-2325-4b1a-8645-55343af0b61c,aeroplane.photo,available,29.99,29.99,high,low,9,namesilo,,,08/09/2026 20:39
4b1ec1ba-6a8b-4021-bc65-40f0afdbb0b3,cuspid.photo,available,29.99,29.99,medium,low,6,namesilo,,,11/08/2026 17:03
314739d0-b89d-4902-b328-e7e51f2a7735,berzelius.photo,available,31.98,40.98,medium,low,9,namecheap,,,23/09/2026 10:24
905faf3e-4606-4f15-bf4c-7ef3ed2a2673,silent.photo,available,29.99,29.99,high,low,6,namesilo,,,25/09/2026 22:10
51f50b66-76b5-45cd-990a-cd58fb447ca8,vividly.photo,available,31.98,40.98,high,low,7,namecheap,,,16/09/2026 11:06
439fc7c9-7f2c-4539-b511-2c5ec3b7e514,marie.photo,premium,116,116,high,low,5,namesilo,,,25/09/2026 17:44
2396d54f-573f-4471-96e6-400e09040ded,headline.photo,available,29.99,29.99,high,low,8,namesilo,,,29/09/2026 22:23
290fe905-90ff-4ccd-a36e-8ad4073c7c5e,leiden.photo,available,29.99,29.99,high,low,6,namesilo,,,25/09/2026 23:25
18ec9d72-4a0a-46e4-85eb-2afb4ca9f50f,cleaned.photo,available,29.99,29.99,high,low,7,namesilo,,,27/09/2026 02:45
cf6f4a79-f0f6-4582-bdc3-3ef4363b9194,phocine.photo,available,31.98,40.98,medium,low,7,namecheap,,,08/09/2026 18:58
ba7b7482-72c5-4ba0-a94e-9225876b275b,crusty.photo,available,29.99,29.99,high,low,6,namesilo,,,13/08/2026 09:26
9be82256-45e3-47bb-b79c-09dab80566a8,kraus.photo,available,29.99,29.99,medium,low,5,namesilo,,,29/09/2026 03:34
8a388f12-9bf9-4e94-965e-bd8c358e5f90,protective.photo,available,29.99,29.99,high,low,10,namesilo,,,27/09/2026 07:44
0eaaeba4-5b44-4344-a638-9e688060c97d,biosphere.photo,available,31.98,40.98,high,low,9,namecheap,,,23/09/2026 19:04
a7c29f79-0015-4583-b0a0-498ef7162612,psychiatrist.photo,available,26.08,26.08,high,low,12,spaceship,,,27/09/2026 16:44
993da756-b632-4e53-bdd3-3e616a64a5f6,manufacture.photo,available,26.08,26.08,high,low,11,spaceship,,,28/09/2026 21:00
ffb0c00d-14f3-4a0d-8154-5a020438da50,coldly.photo,available,26.08,26.08,low,low,6,spaceship,,,28/09/2026 14:07
c1cd7978-abdd-498f-80cf-1c0868cda69b,goodly.photo,available,29.99,29.99,high,low,6,namesilo,,,20/08/2026 16:36
fdf66c0e-20e7-44bd-ac03-f77a8a76a19c,kneeling.photo,available,26.08,26.08,high,low,8,spaceship,,,29/09/2026 19:28
74550857-102e-453d-87a6-ef6d68161948,mae.photo,available,31.98,40.98,high,low,3,namecheap,,,27/09/2026 18:26
17d0ffff-2f5a-4fcb-a134-b7a050ade380,cascade.photo,available,29.99,29.99,high,medium,7,namesilo,,,30/09/2026 01:01
a465a0db-2828-4370-8b23-691e5ae01a35,motives.photo,available,26.26,26.26,medium,low,7,porkbun,,,28/09/2026 17:11
135cf05c-1fa0-44b9-a634-68843148ff05,bridget.photo,available,26.08,26.08,high,low,7,spaceship,,,29/09/2026 04:09
992964d2-9f6a-4e15-a787-be02049e9101,pursy.photo,available,29.99,29.99,high,medium,5,namesilo,,,09/09/2026 06:28
fea2da59-ae33-46a8-927f-321b436876e8,presidents.photo,available,29.99,29.99,medium,low,10,namesilo,,,28/09/2026 23:13
37519856-6ff0-4880-ad60-24c1a271f0a2,suicide.photo,available,29.99,29.99,high,low,7,namesilo,,,25/09/2026 05:57
9eeaf78d-3c37-408d-821e-d1785da3f85b,arhant.photo,available,29.99,29.99,medium,low,6,namesilo,,,20/09/2026 05:07
23694274-dbd8-4898-92d5-23f92ec7061c,fizzy.photo,available,29.99,29.99,high,low,5,namesilo,,,18/08/2026 06:03
4924c0d8-d225-44c1-8f99-58f8b7242e93,butterfly.photo,premium,116,116,high,low,9,namesilo,,,29/09/2026 05:34
13059831-9645-42c2-aca1-6552627c9b32,coordination.photo,available,26.08,26.08,high,low,12,spaceship,,,29/09/2026 23:16
5337b70c-8825-48e4-8dab-0f299656f303,diffident.photo,available,29.99,29.99,medium,low,9,namesilo,,,14/08/2026 07:01
6d82df4d-1773-4ae1-a1d2-e3a0b5a71f4d,wilbur.photo,available,29.99,29.99,high,low,6,namesilo,,,27/09/2026 07:43
c1a05c91-61fe-4704-8375-9e90ba50b3d2,gastric.photo,available,29.99,29.99,medium,low,7,namesilo,,,18/08/2026 20:32
bece532a-02f1-40c4-9415-dfd5a5bfc83f,gleeful.photo,available,29.99,29.99,high,low,7,namesilo,,,20/08/2026 14:21
1ed37205-6e99-46be-9e20-698ac1fe6fed,fading.photo,available,29.99,29.99,high,low,6,namesilo,,,21/09/2026 01:33
4ce8fdb3-1c01-448a-b5a8-d158fabbb253,backstretch.photo,available,39.99,,high,low,12,name.com,,,
e8a17963-a636-46b3-9c16-6639bebdb603,chest.photo,premium,130,130,high,low,5,namecheap,,,24/09/2026 10:14
d16dd148-010c-48f6-9271-ddd0f7bc02ea,violations.photo,available,26.08,26.08,medium,low,10,spaceship,,,29/09/2026 10:53
151b9475-316c-4f0b-bff8-df6003c2071d,invites.photo,available,29.99,29.99,medium,low,7,namesilo,,,29/09/2026 11:26
56dfefe7-ba32-442d-859f-6faac119c084,weinstein.photo,available,31.98,40.98,high,low,9,namecheap,,,28/09/2026 07:31
152932b5-ea4c-4f95-9fdd-1133714b692f,ives.photo,available,29.99,29.99,high,low,4,namesilo,,,25/09/2026 22:11
dd0ea219-742f-4d92-9b91-c9dc971828eb,circular.photo,available,29.99,29.99,high,low,8,namesilo,,,23/09/2026 09:44
7781f39e-9323-4519-99d9-ae78515db47f,shower.photo,premium,116,116,high,low,6,namesilo,,,28/09/2026 06:02
0c36f0c4-ee4c-4edd-9b20-415d622f2e6b,cot.photo,premium,109.69,109.69,high,low,3,porkbun,,,29/09/2026 06:09
f75ed069-8824-49fe-b7eb-c4a4503e8a55,courtesy.photo,premium,130,130,high,low,8,namecheap,,,24/09/2026 18:48
7fff8380-70dc-4888-84e9-72b835700c7a,kindergarten.photo,available,26.08,26.08,high,low,12,spaceship,,,29/09/2026 05:20
d9a6e23c-83e3-4c1d-91b1-c6e9090eab00,flowing.photo,available,29.99,29.99,high,low,7,namesilo,,,18/08/2026 09:11
7c83dc99-9f0f-4a18-884a-1984d952fa0d,telegraph.photo,available,29.99,29.99,high,medium,9,namesilo,,,28/09/2026 05:22
1d261559-3732-4fe5-b7db-8ef629a5a069,sloane.photo,available,29.99,29.99,high,low,6,namesilo,,,28/09/2026 16:12
03b11cfa-7c4c-4d97-8fa5-d83f076cd755,dermal.photo,available,39.99,39.99,high,low,6,name.com,,,13/08/2026 13:00
a7261ccf-ecfd-44c7-8498-febe5103ba25,proportion.photo,available,29.99,29.99,high,low,10,namesilo,,,
0acca599-25a4-4e47-b8c6-46a7977f6507,considers.photo,available,26.08,26.08,medium,low,9,spaceship,,,29/09/2026 10:45
fe0799bd-bbca-4c7e-80c2-4d77f609d460,layer.photo,available,26.08,26.08,high,low,5,spaceship,,,30/09/2026 02:26
2ccc89e6-4fc7-45bd-b8be-ae68484f4c61,hallway.photo,available,29.99,29.99,high,low,7,namesilo,,,28/09/2026 05:56
2dd0d800-3fa1-4e11-8406-ede58276d3dc,macarthur.photo,available,39.99,39.99,high,low,9,name.com,,,25/09/2026 20:07
011c26ff-3a8a-4095-9943-936660daf4fb,alps.photo,available,29.99,29.99,high,low,4,namesilo,,,18/09/2026 14:12
b446d812-b8a3-4a60-ae47-18a0694d6583,aeriferous.photo,available,29.99,29.99,medium,low,10,namesilo,,,
873292f8-994c-4335-b69a-f3aad62e7abe,fis.photo,premium,116,116,high,low,3,namesilo,,,28/09/2026 03:41
af26e06c-d08d-43f2-bf67-b0ca94d3fae6,rye.photo,premium,103.7,103.7,medium,low,3,spaceship,,,28/09/2026 15:17
86dd8d97-7cc8-417a-a143-b41f10423940,misconduct.photo,available,29.99,29.99,medium,low,10,namesilo,,,17/09/2026 05:28
00cf95e4-4e1d-42bd-94fb-68a894576833,aurelius.photo,available,29.99,29.99,medium,low,8,namesilo,,,19/09/2026 15:35
3883c2e7-78ca-4e4b-ab98-b51a0e3f948d,atonality.photo,available,31.98,40.98,medium,low,9,namecheap,,,21/09/2026 00:25
aa737528-b170-46fe-af46-b4dcb1523c82,subtly.photo,available,29.99,29.99,medium,low,6,namesilo,,,16/09/2026 07:33
0620d194-afde-4dd5-a6ab-3473d0734e3b,pita.photo,available,29.99,29.99,high,low,4,namesilo,,,
e876b6b1-314b-4070-aece-a824d1d1ff2c,hottest.photo,available,29.99,29.99,medium,low,7,namesilo,,,28/09/2026 13:20
2e3ca2e8-ab45-4cf7-a694-756845432510,bugbane.photo,available,31.98,40.98,medium,low,7,namecheap,,,18/09/2026 20:09
7ca49f34-4695-48d4-9b71-8aef929851f8,strapped.photo,available,29.99,29.99,medium,low,8,namesilo,,,30/09/2026 00:36
e7cab6f8-fbc5-4e6b-9b2b-addfc829c623,dopey.photo,available,29.99,29.99,medium,low,5,namesilo,,,14/08/2026 16:04
0e2515c0-d368-477e-93a2-832d0de2f97f,arawak.photo,available,29.99,29.99,medium,low,6,namesilo,,,06/08/2026 12:38
b06373b4-3048-4b03-96f0-2524613559f0,organismic.photo,available,31.98,40.98,medium,low,10,namecheap,,,04/09/2026 17:49
89fc2cce-9ad0-4eb6-8abf-56e77450b682,bordered.photo,available,29.99,29.99,high,low,8,namesilo,,,22/09/2026 23:55
e9b1de81-4692-47c8-ad2b-fd343d70d087,jump.photo,premium,116,116,high,low,4,namesilo,,,22/09/2026 02:34
8bc21a6f-5e0f-4666-954a-654e18b7a13f,benumb.photo,available,29.99,29.99,medium,low,6,namesilo,,,03/09/2026 22:47
007027c7-821e-46ad-8fe8-e2e127333926,dawning.photo,available,29.99,29.99,high,low,7,namesilo,,,11/09/2026 02:03
fd057e7c-fb5e-4984-8e36-f89d3baade57,environmentally.photo,available,29.99,29.99,medium,low,15,namesilo,,,
6074ecbf-4976-4304-bef3-32d186389402,illuminate.photo,available,29.99,29.99,high,low,10,namesilo,,,23/08/2026 02:47
5a2858b5-fd83-4722-84e9-dc79e323dc83,williamsport.photo,available,31.98,40.98,medium,low,12,namecheap,,,29/09/2026 15:53
642dc4e1-b609-415f-8ecb-a9b4a2766d09,screenshots.photo,premium,130,130,high,low,11,namecheap,,,20/09/2026 11:10
aa0b954d-782a-482d-b301-ad151855cc41,lucy.photo,available,29.99,29.99,high,low,4,namesilo,,,
3ea5016f-c4c8-4e33-827e-2522f0165b8c,allegretto.photo,available,29.99,29.99,high,low,10,namesilo,,,
d7bf148a-c7c6-4261-9b7e-200aa561570d,soundproof.photo,available,29.99,29.99,high,medium,10,namesilo,,,10/09/2026 14:44
3a8f108c-50db-48af-9373-951bad095679,favorite.photo,available,31.98,40.98,high,low,8,namecheap,,,24/09/2026 04:33
f1ea1409-71e2-4fd8-a964-f722a0dcfc71,saccharine.photo,available,29.99,29.99,medium,low,10,namesilo,,,12/08/2026 12:48
a5956140-197a-4960-9467-22550f257e52,biggin.photo,available,31.98,40.98,medium,low,6,namecheap,,,23/09/2026 15:08
02b72aec-c684-4b10-be7f-05c3fc2188ba,consciousness.photo,available,31.98,40.98,medium,low,13,namecheap,,,28/09/2026 08:13
492b49f2-f1cf-4b8b-82af-06a7621fe936,durban.photo,premium,110,110,medium,low,6,dynadot,,,28/09/2026 09:32
fdbdc96c-06b9-4a3f-ae79-56570507e1de,misfortune.photo,available,29.99,29.99,medium,low,10,namesilo,,,21/09/2026 16:43
fbe803b8-47c1-4438-add3-4dea325f3bf0,bardolatry.photo,available,31.98,40.98,medium,low,10,namecheap,,,22/09/2026 05:17
0302759b-3135-4512-bb1e-c5265351c633,vietnamese.photo,available,29.99,29.99,high,low,10,namesilo,,,13/09/2026 05:32
8882e77f-f7e5-473f-82af-5a09084fc437,symbols.photo,premium,110,110,medium,low,7,dynadot,,,29/09/2026 04:46
c0454520-8ab0-408a-a504-bd3b9f15ea39,obadiah.photo,available,29.99,29.99,medium,low,7,namesilo,,,16/09/2026 14:40
75617b22-4f34-4a3b-af69-3bd630087ad2,wisdom.photo,available,29.99,29.99,high,low,6,namesilo,,,
dfafa87e-f19c-40e6-8754-1cd3ee1ab2de,swinburne.photo,available,29.99,29.99,medium,low,9,namesilo,,,18/09/2026 07:03
5e3355db-4f0d-48ac-b40d-4b0c3f0cf27b,premises.photo,available,26.97,26.97,high,low,8,dynadot,,,28/09/2026 15:06
2f61b9e2-2dd7-442b-9a29-b2288d037928,aare.photo,available,29.99,29.99,high,low,4,namesilo,,,16/09/2026 13:18
8ab3913b-2d3a-4a7f-bdde-0bfcf4694982,sharma.photo,available,26.08,26.08,high,low,6,spaceship,,,28/09/2026 03:27
97091976-7a83-48a5-860c-21669e4c23bb,landing.photo,available,29.99,29.99,high,low,7,namesilo,,,30/09/2026 02:04
852cf4eb-631d-4dcd-ab6d-2cce20e57a94,billy.photo,available,29.99,29.99,high,low,5,namesilo,,,23/09/2026 16:44
90ef1505-2bed-44e3-a259-6c910e277642,hobbs.photo,premium,130,130,high,low,5,namecheap,,,27/09/2026 04:26
dc154572-e475-4ff2-86f3-dd675e0dd4a4,bahaism.photo,available,31.98,40.98,medium,low,7,namecheap,,,21/09/2026 18:33
082c12ed-07b0-46c5-a22f-b915854f862c,bettering.photo,available,31.98,40.98,high,low,9,namecheap,,,09/08/2026 18:11
20c8a612-ac54-456c-9ef4-f7644f54d2a0,lakh.photo,available,29.99,29.99,medium,low,4,namesilo,,,21/08/2026 15:36
22af8384-fa55-4362-9426-ab02045ad79a,proponent.photo,available,29.99,29.99,high,low,9,namesilo,,,17/09/2026 11:45
305327aa-1aa5-4dae-9a3d-7a8b46cd162a,seth.photo,premium,116,116,high,low,4,namesilo,,,25/09/2026 10:39
d0a75f0b-a0b1-4a4a-8ddc-270e34be8ec6,romany.photo,available,29.99,29.99,high,low,6,namesilo,,,10/08/2026 17:25
76810b1b-08a8-4910-8e77-a61f66eba442,imbalance.photo,available,31.98,40.98,medium,low,9,namecheap,,,20/09/2026 18:40
d4cc87a5-c45c-4561-898a-60c1a046689c,einstein.photo,available,26.08,26.08,high,low,8,spaceship,,,28/09/2026 20:04
7b4600d5-98f1-420d-a911-eeb901569718,inexpensive.photo,available,29.99,29.99,high,low,11,namesilo,,,
e03791a4-f681-4982-8d74-1c84f43a001a,coalition.photo,available,29.99,29.99,high,low,9,namesilo,,,18/09/2026 07:45
a005da37-2ddd-442e-80a4-ebde15255745,pellmell.photo,available,29.99,29.99,medium,low,9,namesilo,,,21/08/2026 01:07
6a7e6dc6-d7d4-422a-97a8-e37372bb3e0b,seagirt.photo,available,29.99,29.99,medium,low,7,namesilo,,,10/09/2026 00:39
15946fc2-1da2-4a04-820f-942f7d068d82,scoring.photo,available,29.99,29.99,high,low,7,namesilo,,,29/09/2026 02:05
48acfc12-b609-4e6e-9f80-d22ed03266fb,offer.photo,premium,116,116,high,low,5,namesilo,,,23/09/2026 13:36
d3e25739-5d40-4028-a41f-51cd144d79c3,clams.photo,available,31.98,40.98,high,low,5,namecheap,,,24/09/2026 06:47
4753c0ef-a35f-4bb2-ad96-2c088d9201b3,auricular.photo,available,31.98,40.98,medium,low,9,namecheap,,,07/08/2026 17:46
1e1daf7f-24dc-402f-8e5c-fbc9185d5528,ripened.photo,available,31.98,40.98,high,low,7,namecheap,,,09/09/2026 17:55
62ca26f1-ff03-4da1-9655-201489f98322,risible.photo,available,31.98,40.98,medium,low,7,namecheap,,,12/08/2026 19:02
a1784431-8517-4776-bcc6-7a47bec82acf,squawky.photo,available,29.99,29.99,low,low,7,namesilo,,,11/08/2026 12:26
8a963310-122b-4e74-91da-89336a6f08da,abram.photo,available,29.99,29.99,high,low,5,namesilo,,,28/09/2026 15:50
7abfbdfd-02d3-4f87-a157-dac5ee8301b8,monty.photo,available,26.08,26.08,medium,low,5,spaceship,,,28/09/2026 11:58
75523c06-a0fb-4301-be44-af33c64f224e,commented.photo,available,29.99,29.99,medium,low,9,namesilo,,,18/09/2026 23:19
8dc57ba8-5bd8-4712-a26e-c0e1aad37927,spastic.photo,available,29.99,29.99,medium,low,7,namesilo,,,13/08/2026 00:06
8d160ce5-ef0d-4fd1-84ae-35e2507ceefc,witches.photo,available,29.99,29.99,medium,low,7,namesilo,,,27/09/2026 11:53
8741dd62-9d23-443c-8185-9b63a5e4eb8c,multiple.photo,available,31.98,40.98,high,low,8,namecheap,,,25/09/2026 22:06
0a4344c0-8c33-400e-8870-74ff8448a650,enchained.photo,available,29.99,29.99,medium,low,9,namesilo,,,12/08/2026 01:24
e9b977a2-11f6-49b4-b8a3-711ab0da705e,mine.photo,available,29.99,29.99,high,low,4,namesilo,,,25/09/2026 09:26
974a39f2-2483-408a-b218-de20efaee3f4,enthusiast.photo,available,29.99,29.99,high,low,10,namesilo,,,08/09/2026 02:16
9bb501e4-111a-4b84-804e-ead686c50f26,tourism.photo,available,26.08,26.08,high,low,7,spaceship,,,29/09/2026 20:31
12c5729e-4269-4483-98a1-b91b4bf0c4f8,turbinate.photo,available,29.99,29.99,medium,low,9,namesilo,,,12/08/2026 16:20
cd320e71-a726-466d-9231-b3883ec64a70,calcic.photo,available,29.99,29.99,medium,low,6,namesilo,,,11/08/2026 13:49
2640ef2f-eb15-45f9-a57b-d14c1f29c038,natty.photo,available,39.99,39.99,high,low,5,name.com,,,13/08/2026 17:29
345e867d-9e10-485d-a832-b18ff71069c8,pinnate.photo,available,31.98,40.98,high,medium,7,namecheap,,,08/09/2026 19:48
a460a8de-1102-4df4-921a-b6fe154769c6,maguey.photo,available,29.99,29.99,medium,low,6,namesilo,,,17/09/2026 16:37
23022120-a15c-457c-9ea0-7f88babfb950,tiles.photo,available,26.08,26.08,high,low,5,spaceship,,,29/09/2026 16:35
0de09b8d-7a94-4dcc-9eec-42ec6c920970,membered.photo,available,31.98,40.98,medium,low,8,namecheap,,,24/08/2026 19:49
d6e41d59-4fbb-4893-a317-af03841b4ec1,celebrity.photo,premium,130,130,high,low,9,namecheap,,,24/09/2026 13:24
4110a795-678f-4601-b98e-fcd8aede2b7b,mentally.photo,available,29.99,29.99,medium,low,8,namesilo,,,15/09/2026 14:13
4d8668bd-30d3-47ce-b24c-eb039c7034c0,steady.photo,available,31.98,40.98,high,low,6,namecheap,,,24/09/2026 18:34
a46db0c2-1d22-4b8e-b964-b6a9b537b138,bonnily.photo,available,29.99,29.99,medium,low,7,namesilo,,,14/09/2026 01:04
82a9eefa-e142-4987-92e5-72fd19f8fb4c,dining.photo,available,26.08,26.08,high,low,6,spaceship,,,29/09/2026 15:00
fce31d20-4357-4505-97dd-c49f0ab5b6b6,sameness.photo,available,29.99,29.99,medium,low,8,namesilo,,,21/08/2026 15:12
8cda21ab-2cab-4ee6-a771-f55377d593cf,americana.photo,available,31.98,40.98,high,low,9,namecheap,,,18/09/2026 21:03
f83559b6-ff1f-41c0-bbfe-f4e264026403,math.photo,premium,125,,high,medium,4,name.com,,,
77b8c177-c68b-46fd-bdd7-86e5535f0603,capt.photo,available,29.99,29.99,high,low,4,namesilo,,,25/09/2026 12:23
82cf4e4b-3915-4b6a-9032-d390cc359fe7,unflagging.photo,available,29.99,29.99,high,low,10,namesilo,,,22/08/2026 02:31
38dc83cc-d604-44d7-94bb-5e12a5affc7b,badness.photo,available,29.99,29.99,medium,low,7,namesilo,,,08/08/2026 07:23
65e744e0-a338-48e1-833e-a83e8efd67fb,treason.photo,available,31.98,40.98,medium,low,7,namecheap,,,23/09/2026 11:25
2d795204-011a-4424-8044-f4725ab2eaf4,impious.photo,available,29.99,29.99,medium,low,7,namesilo,,,21/08/2026 22:21
3916e888-6884-4bcf-9494-439bbd9357fe,rudderless.photo,available,29.99,29.99,medium,low,10,namesilo,,,
af39db43-1b52-47a3-8ca0-b70f7cd19670,bathsheba.photo,available,29.99,29.99,medium,low,9,namesilo,,,22/09/2026 13:52
d23e183c-58e5-4bf0-93e7-864368d50012,competitors.photo,available,26.97,26.97,medium,low,11,dynadot,,,29/09/2026 11:34
0bd96501-1bcb-4993-b5de-579f88fca6e9,psychology.photo,available,29.99,29.99,high,low,10,namesilo,,,
4541a7b6-de06-4ccc-a56e-d4e4043dd2e1,swot.photo,available,31.98,40.98,high,low,4,namecheap,,,10/08/2026 18:21
cdd3b758-ea20-44cf-b90f-e91bbbc76ee4,documented.photo,available,29.99,29.99,high,low,10,namesilo,,,22/09/2026 11:37
01446d5c-125c-4d3d-98ab-85f6d7a232ea,potatoes.photo,available,31.98,40.98,medium,low,8,namecheap,,,27/09/2026 02:12
5a93f47c-6283-4d80-8e3b-e70b4d97d2c5,roving.photo,available,29.99,29.99,high,low,6,namesilo,,,25/08/2026 02:22
3781e4f9-c0fd-4699-a6e9-bf403438e7ad,motorized.photo,available,29.99,29.99,high,low,9,namesilo,,,24/08/2026 18:45
b6d3ea79-c739-4bb3-8a66-9cadf720719d,debile.photo,available,39.99,39.99,medium,low,6,name.com,,,13/08/2026 20:28
fba5f2f9-70dd-417e-9d29-f544aa38578d,means.photo,available,39.99,,high,low,5,name.com,,,
5c87745f-897a-4e57-b2bb-cdd9d899e034,tanganyika.photo,available,26.08,26.08,medium,low,10,spaceship,,,29/09/2026 07:27
159687f0-09c1-48fa-9bd6-f34e209bab85,usernames.photo,available,29.99,29.99,medium,low,9,namesilo,,,20/09/2026 06:18
8c9d245b-c59e-4c61-a14c-193b2a8f5a64,moonlit.photo,available,29.99,29.99,high,low,7,namesilo,,,27/09/2026 06:52
e77631db-82c8-4f28-8ef4-a0a55d5e9326,eruption.photo,available,39.99,39.99,high,low,8,name.com,,,24/09/2026 15:18
f5913a78-3ff1-4888-9c89-bb88e5d04d9b,devised.photo,available,31.98,40.98,low,low,7,namecheap,,,29/09/2026 16:34
75482f16-63d2-41a5-9063-6334728e9fad,talents.photo,available,26.08,26.08,high,low,7,spaceship,,,28/09/2026 13:14
1e4dd14c-37d4-44c6-a257-5a65d4358b0e,deceive.photo,available,29.99,29.99,high,low,7,namesilo,,,29/09/2026 20:40
3e75ffbf-b8b0-4113-b5de-f9f0b2b5d9c2,spiffing.photo,available,29.99,29.99,high,medium,8,namesilo,,,10/09/2026 15:35
e8c21aa9-2c5b-44dc-9fd8-2568990b705b,tusked.photo,available,31.98,40.98,medium,low,6,namecheap,,,11/09/2026 21:29
f2446f41-56fc-4d53-8e81-696abb66ca2b,contend.photo,available,29.99,29.99,high,low,7,namesilo,,,29/09/2026 11:25
52cd5e27-fc83-45b3-8df7-daecbcde0dd3,flop.photo,available,29.99,29.99,high,low,4,namesilo,,,23/09/2026 12:03
186dd1a7-de29-40b3-a39a-e2bf62ae7d6d,fuscous.photo,available,31.98,40.98,medium,low,7,namecheap,,,18/08/2026 19:02
0dd54a00-617f-4af3-9a95-6ea93fdba18e,bug.photo,premium,103.7,103.7,high,low,3,spaceship,,,29/09/2026 00:24
5f9ba436-e3dc-4347-bb3d-2cb6b3349eff,constitute.photo,available,26.08,26.08,high,low,10,spaceship,,,29/09/2026 13:09
36ae405f-bcd6-4da6-aef9-7f00668e3984,stair.photo,available,26.08,26.08,medium,low,5,spaceship,,,29/09/2026 20:26
6f9dc04d-1e2d-491a-a081-ed1e2ca24552,kastler.photo,available,29.99,29.99,medium,low,7,namesilo,,,18/09/2026 06:34
4d168c68-7d12-4090-a832-9d85f129bea4,beachfront.photo,available,31.98,40.98,high,low,10,namecheap,,,22/09/2026 19:04
418989bf-5e5d-4563-aa42-2dcb3d3e15c7,announce.photo,available,29.99,29.99,high,low,8,namesilo,,,29/09/2026 22:10
b8e30777-15cc-4088-8d98-d5d1a2fba8ae,balladeer.photo,available,29.99,29.99,medium,low,9,namesilo,,,21/09/2026 22:45
42b4c23e-0830-4f77-8c7c-b11ba05a63c7,evaporate.photo,available,29.99,29.99,high,low,9,namesilo,,,
0ecaf961-7d92-4f35-97b1-4d61be984331,mindfulness.photo,available,29.99,29.99,high,low,11,namesilo,,,29/09/2026 10:40
da51738b-dc47-427d-b65a-2cf34355e0b9,richmond.photo,premium,130,130,high,low,8,namecheap,,,29/09/2026 07:18
ab07b49b-72e6-442f-b323-542bdaf218c5,chiefly.photo,available,29.99,29.99,high,low,7,namesilo,,,25/09/2026 05:59
b3371de3-aa4b-465b-9ac8-063330bf8a9b,crumpled.photo,available,29.99,29.99,medium,low,8,namesilo,,,13/08/2026 09:06
90231bfd-506b-477e-ba68-af89fe800e12,scandal.photo,premium,116,116,high,low,7,namesilo,,,
67b566c1-2e5e-401e-b5d6-bc50d6a32767,dday.photo,available,29.99,29.99,high,low,5,namesilo,,,16/09/2026 12:39
ea9906f7-98d8-4c02-aabf-e2cfbe836cba,midlife.photo,available,29.99,29.99,high,low,8,namesilo,,,27/09/2026 06:51
66f3e14a-86ff-4180-83d7-ef956841fac7,telepathic.photo,available,29.99,29.99,high,low,10,namesilo,,,11/09/2026 10:18
3ea169af-c18c-401a-816a-f07865a44529,tire.photo,premium,116,116,high,low,4,namesilo,,,25/09/2026 11:34
3ae2c312-3825-4e47-8f9f-c38f73bcefda,listens.photo,available,26.08,26.08,medium,low,7,spaceship,,,29/09/2026 11:31
39302edd-663c-479b-9428-8effe33995be,thinly.photo,available,29.99,29.99,medium,low,6,namesilo,,,11/09/2026 13:26
0d1a052a-c896-4c2a-8bef-c94244b3ff27,sparsely.photo,available,29.99,29.99,medium,low,8,namesilo,,,16/09/2026 05:55
6e4843b2-cc7d-4add-8864-b55a58b525f3,young.photo,premium,116,116,high,low,5,namesilo,,,28/09/2026 09:49
4679fc4f-3956-4c82-8732-eae8b941a475,correction.photo,available,31.98,40.98,high,low,10,namecheap,,,28/09/2026 09:23
21047409-7ada-4945-8bca-ea323b7f8cec,bow.photo,premium,116,116,high,low,3,namesilo,,,23/09/2026 01:50
515f3550-cc4f-4da9-9618-40203da4f3b9,anodal.photo,available,29.99,29.99,medium,low,6,namesilo,,,
78ac3f66-7edc-4387-a389-cb0eff3d3621,fibers.photo,available,29.99,29.99,medium,low,6,namesilo,,,29/09/2026 10:34
adeeec56-5f5d-4526-acea-9bba0c085c2d,advisedly.photo,available,29.99,29.99,medium,low,9,namesilo,,,13/09/2026 17:38
a405f913-065d-4fee-8158-34b951727b61,arizonan.photo,available,29.99,29.99,medium,low,8,namesilo,,,20/09/2026 06:05
f49bf5a8-36df-415d-bf79-b1423de10056,arrests.photo,available,31.98,40.98,medium,low,7,namecheap,,,20/09/2026 19:12
9a021e93-b316-4a93-8432-e340b7c1b5e5,bypast.photo,available,29.99,29.99,medium,low,6,namesilo,,,11/08/2026 12:08
338626cf-7f19-41de-8f78-5b4333c8dfed,modigliani.photo,available,31.98,40.98,high,low,10,namecheap,,,18/09/2026 17:54
7781b693-60d6-4a6d-a776-96968f1cdf4a,snowball.photo,available,29.99,29.99,high,low,8,namesilo,,,16/09/2026 17:20
624b2b34-1e91-49a5-9a8d-b1c43f0e95ce,agrypnia.photo,available,31.98,40.98,medium,low,8,namecheap,,,17/09/2026 20:02
983afeec-8a66-457e-82f3-7e1b258aeb30,perpetual.photo,available,29.99,29.99,high,low,9,namesilo,,,
93bd2456-8db1-4055-bb04-d8871c0e7ee0,sanford.photo,available,31.98,40.98,medium,low,7,namecheap,,,25/09/2026 16:16
2811bd0f-1a81-4664-8ef4-ffd5147f25fb,bowfin.photo,available,31.98,40.98,medium,low,6,namecheap,,,18/09/2026 21:19
f119c01f-4348-4b3a-bf4d-731564784a3a,pathogenic.photo,available,29.99,29.99,medium,low,10,namesilo,,,22/08/2026 04:17
c252293a-57a9-4d9e-b0bc-98072519f9d6,arrhenius.photo,available,29.99,29.99,high,low,9,namesilo,,,20/09/2026 09:11
2749b2f7-e657-4287-b16d-ac3245caf639,polishing.photo,available,29.99,29.99,high,medium,9,namesilo,,,10/09/2026 06:31
fc74ea53-3be2-4df8-87af-abaa633d0604,adopted.photo,available,29.99,29.99,high,low,7,namesilo,,,
0b007c92-0e04-4fa3-b607-f7b1e4802fbf,floodlit.photo,available,29.99,29.99,high,low,8,namesilo,,,18/08/2026 08:47
9d9cc379-3ea9-48e7-8afb-5ff1c00017e8,purebred.photo,available,29.99,29.99,high,medium,8,namesilo,,,09/09/2026 06:16
caf998f0-4083-4624-bbf1-a8ab6620a6ad,concordia.photo,available,26.08,26.08,high,low,9,spaceship,,,27/09/2026 20:47
2bf640f8-5652-456f-a16a-9fa6e3236142,ingram.photo,available,29.99,29.99,medium,low,6,namesilo,,,26/09/2026 03:39
2cc60778-7f2c-4b06-ab58-d69bcca59d0c,potty.photo,available,29.99,29.99,high,low,5,namesilo,,,16/08/2026 21:14
b57cab60-6cb4-4598-be90-ca2d20cb67de,macgregor.photo,available,26.08,26.08,medium,low,9,spaceship,,,28/09/2026 19:47
cd45c1a7-ac53-42ea-84a4-78b19395d1f8,bakunin.photo,available,31.98,40.98,medium,low,7,namecheap,,,21/09/2026 20:26
654dbfbb-340e-420d-98be-8b06484fd7c2,actionable.photo,available,29.99,29.99,high,low,10,namesilo,,,21/09/2026 16:28
d496608d-1711-40ea-9773-16034270a098,barge.photo,available,29.99,29.99,medium,low,5,namesilo,,,22/09/2026 05:37
c17b4166-71d6-4942-9a36-8343842bb90f,daring.photo,available,29.99,29.99,high,low,6,namesilo,,,07/08/2026 21:39
8042016e-56b1-4a35-8c76-69af51b070c7,macleod.photo,available,26.08,26.08,high,low,7,spaceship,,,28/09/2026 02:12
df2dcb68-29a5-4d3a-bb0e-19f4ccd3cd95,incan.photo,available,29.99,29.99,medium,low,5,namesilo,,,22/08/2026 00:44
d2158378-eeac-4ef0-b5ce-49c52928e6c6,leader.photo,premium,110,110,high,low,6,dynadot,,,30/09/2026 02:28
cb5e8c14-2538-4b7a-bacf-be304d306f97,stupefied.photo,available,39.99,39.99,medium,low,9,name.com,,,13/08/2026 18:55
09e777c2-ad2b-4071-a50d-7cd01b73a53d,worshipped.photo,available,26.08,26.08,medium,low,10,spaceship,,,29/09/2026 16:18
2f5a0e22-0e75-4837-9f7d-5d61eafb8a93,beard.photo,available,31.98,40.98,high,low,5,namecheap,,,22/09/2026 21:01
95770df7-f2d2-48ba-829a-fc4bde3ead9c,orpin.photo,available,29.99,29.99,medium,low,5,namesilo,,,24/08/2026 08:00
10ad336c-cb30-435d-b586-91c9b528796f,hedonic.photo,available,29.99,29.99,medium,low,7,namesilo,,,21/08/2026 05:52
3b8d077d-58cf-43e5-87e1-d17585eb5b1b,substitute.photo,available,29.99,29.99,high,low,10,namesilo,,,22/09/2026 02:40
6e22902a-f6e8-4a98-b215-99e3321bc9a0,medford.photo,available,29.99,29.99,medium,low,7,namesilo,,,28/09/2026 10:21
ba2777c3-d138-4caf-a05f-3a03e5fcbd7a,consequence.photo,available,29.99,29.99,high,low,11,namesilo,,,28/09/2026 15:40
d292afb4-e2ae-4e51-b4d5-ccc676031a81,nest.photo,available,26.08,26.08,high,medium,4,spaceship,,,29/09/2026 13:00
74552b1d-07f9-4cc8-8af0-2ca9c3dfe785,ranger.photo,premium,116,116,high,low,6,namesilo,,,27/09/2026 03:34
acd047c7-334a-4afe-a8f0-5b51946d51e2,him.photo,premium,116,116,high,low,3,namesilo,,,
7e67c38a-f78f-476b-9608-b3b3ea23c1bc,ideals.photo,available,26.08,26.08,medium,low,6,spaceship,,,29/09/2026 05:10
008a459a-c3b8-4f46-8ad1-3222c2347f94,dependant.photo,available,29.99,29.99,medium,low,9,namesilo,,,14/08/2026 02:08
12343610-b6da-4f4c-91f5-76c58393bd5d,dull.photo,available,29.99,29.99,high,low,4,namesilo,,,23/09/2026 00:25
d0cc8461-9782-4d83-8128-66dbe920390c,arava.photo,available,29.99,29.99,medium,low,5,namesilo,,,20/09/2026 00:28
c18656ca-07a1-4e1e-8872-62b3eb6a92ea,conduct.photo,available,29.99,29.99,high,low,7,namesilo,,,23/09/2026 03:13
4774b313-f513-4b1f-bb79-210b6ccc46b3,ankus.photo,available,31.98,40.98,medium,low,5,namecheap,,,19/09/2026 09:49
b52e3e5b-119a-491c-b2c5-4e928fe7cbc0,sticker.photo,premium,130,130,high,low,7,namecheap,,,30/09/2026 01:12
216cdd39-9d64-4a7f-aa73-ce182d059df4,undefiled.photo,available,29.99,29.99,medium,low,9,namesilo,,,12/09/2026 06:15
8ad7199e-8386-4fbe-992b-3eb71fe42cf3,umm.photo,premium,103.7,103.7,high,low,3,spaceship,,,29/09/2026 21:18
9a839ab9-9e0d-4d97-bda7-f7522613729d,nonvisual.photo,available,31.98,40.98,medium,low,9,namecheap,,,03/09/2026 21:06
60898c03-493a-4257-981d-9a2c9bfb11d7,ard.photo,premium,110,110,medium,low,3,dynadot,,,28/09/2026 11:18
4e67c0cb-78a8-4a47-a586-f03e616011ef,wideband.photo,available,29.99,29.99,high,low,8,namesilo,,,13/09/2026 11:50
de3364a2-90e5-45ef-999a-0fd1ab6f9c06,ashes.photo,available,29.99,29.99,medium,low,5,namesilo,,,27/09/2026 09:10
6d49788b-17ec-4dfd-aefc-8a12098d1a58,restaurants.photo,premium,116,116,medium,low,11,namesilo,,,29/09/2026 00:02
89b44b7e-0d47-4bd0-9e52-552d208d9550,sylvan.photo,available,29.99,29.99,high,medium,6,namesilo,,,10/09/2026 08:11
4c5fcb11-c09d-4862-8a45-c229fd8cf3d1,eyesight.photo,available,31.98,40.98,high,low,9,namecheap,,,29/09/2026 18:51
53f225bf-2a0f-40ad-aace-c487735c5c69,band.photo,available,26.08,26.08,high,low,4,spaceship,,,29/09/2026 00:56
0efcde5e-47de-4803-9e4a-2bc5b6efa09c,judd.photo,available,29.99,29.99,high,low,4,namesilo,,,27/09/2026 07:52
46286a4a-78d9-4007-99fa-b6b6f16219f4,weighted.photo,available,29.99,29.99,high,low,8,namesilo,,,13/09/2026 10:08
c86b05cf-2f64-4b58-a781-bf4b68340f2e,fortress.photo,available,31.98,40.98,high,low,8,namecheap,,,28/09/2026 05:46
3e9dc670-98bd-407a-85ff-bca4223f169c,roofed.photo,available,29.99,29.99,high,medium,6,namesilo,,,09/09/2026 18:33
084ec1e2-d823-4165-a97f-c785b1a907c4,backfire.photo,available,31.98,40.98,high,low,8,namecheap,,,21/09/2026 15:28
92b24470-c5b9-4e70-8457-e8ebea6f9976,treasure.photo,premium,116,116,high,low,8,namesilo,,,27/09/2026 06:38
180f31be-e554-468f-987f-019473a97e88,effluent.photo,available,29.99,29.99,medium,low,8,namesilo,,,15/08/2026 14:47
33612cfe-1eca-46b3-b4b4-514ee51bb09c,liberian.photo,available,29.99,29.99,medium,low,8,namesilo,,,23/08/2026 00:47
cd224e6c-3ad9-4ec3-98f0-14bc62441d3b,layman.photo,available,29.99,29.99,medium,low,6,namesilo,,,10/09/2026 01:24
ea2485ec-130e-49da-909b-187e1714eab5,plushy.photo,available,29.99,29.99,high,low,6,namesilo,,,24/08/2026 11:02
f308c668-c9fa-437b-81f5-9574d4468eb8,midmost.photo,available,29.99,29.99,medium,low,7,namesilo,,,24/08/2026 22:29
d5499652-ea18-432f-8173-6ce3ffe173c3,bangle.photo,available,39.99,39.99,high,low,6,name.com,,,22/09/2026 01:57
2546f0ad-b79f-4711-9817-1d86c5cbe3fa,aba.photo,premium,116,116,high,low,3,namesilo,,,16/09/2026 13:42
21b13ff4-e7fa-46a7-a8d0-4ca9f43a6a77,ponds.photo,available,29.99,29.99,medium,low,5,namesilo,,,18/09/2026 22:37
ec606aef-d2f3-465c-aec6-f4556006f2da,passe.photo,available,29.99,29.99,medium,low,5,namesilo,,,14/08/2026 01:17
acee18d0-5df7-4242-8496-86df0d7d26aa,fuse.photo,available,26.26,26.26,high,low,4,porkbun,,,28/09/2026 05:34
fa6998b6-c6f8-4416-b0b0-7d5944946a71,gaston.photo,available,29.99,29.99,high,low,6,namesilo,,,25/09/2026 12:38
54fc4b23-293c-4a7c-918e-1429d6918a9f,alienation.photo,available,29.99,29.99,high,low,10,namesilo,,,18/09/2026 07:35
9ed8d196-fc90-407e-b08b-7cad11700b66,accusive.photo,available,29.99,29.99,low,low,8,namesilo,,,
b243decf-3c22-4974-9b8c-8cf328ea7f2d,thirdhand.photo,available,29.99,29.99,medium,low,9,namesilo,,,11/09/2026 13:59
2915b547-46c1-4794-b1dc-2c1dba71d6be,asexual.photo,available,29.99,29.99,high,low,7,namesilo,,,07/08/2026 01:33
3cc1f8c0-3ab1-4d29-9ceb-0497dec73c84,indisposed.photo,available,31.98,40.98,medium,low,10,namecheap,,,
4ff38131-0042-48d5-8b9b-391277255234,gates.photo,available,29.99,29.99,high,low,5,namesilo,,,29/09/2026 02:38
60cb5eb5-f020-4a8a-a696-e35f286541e3,simplistic.photo,available,29.99,29.99,high,medium,10,namesilo,,,10/09/2026 08:16
cf4b8cfd-fffa-4df6-9f3b-799f41d45c25,handicapped.photo,available,26.08,26.08,medium,low,11,spaceship,,,29/09/2026 03:14
e79174ea-4d32-4e52-9faf-f119751257d4,creole.photo,available,29.99,29.99,high,low,6,namesilo,,,13/08/2026 06:07
4b553828-2e1f-4be7-9f53-b256703d9b4b,expire.photo,available,29.99,29.99,high,low,6,namesilo,,,29/09/2026 12:11
6563b19b-5273-47ff-b7ac-25c9cd1f1861,traumatic.photo,available,31.98,40.98,high,low,9,namecheap,,,11/09/2026 19:03
29d27e27-28f7-4cc1-a21b-005227cec698,limitation.photo,available,26.08,26.08,medium,low,10,spaceship,,,30/09/2026 03:01
b30fe219-6f28-43c3-9778-f5b8cc9d7644,gaur.photo,available,31.98,40.98,medium,low,4,namecheap,,,23/09/2026 13:04
a9d45db6-a903-4e4d-88f5-8e5feba8faf7,conditions.photo,available,31.98,40.98,high,low,10,namecheap,,,28/09/2026 10:19
5b26fe4a-3325-469e-9e54-ad3f941d7afe,employee.photo,available,29.99,29.99,high,low,8,namesilo,,,29/09/2026 08:21
f14139ba-862b-4525-8f8a-f8980a194eae,counseling.photo,premium,110,110,high,low,10,dynadot,,,28/09/2026 05:25
7ed26472-a66d-4b51-842b-3d1b69ad03cd,sonsy.photo,available,29.99,29.99,medium,low,5,namesilo,,,10/08/2026 20:35
d080762b-e172-46fb-834c-d7a6e4131837,ridicule.photo,available,29.99,29.99,high,low,8,namesilo,,,24/09/2026 02:25
0c8993d5-ec8c-4f74-9d54-15647b7ba5c8,choosing.photo,available,26.08,26.08,high,low,8,spaceship,,,28/09/2026 03:32
1377b05e-ae9a-43dd-a254-c34a95ff64f8,pissed.photo,available,29.99,29.99,medium,low,6,namesilo,,,
59595ae1-e9b1-40fe-a2a2-2792a9c01068,toffy.photo,available,29.99,29.99,medium,low,5,namesilo,,,11/08/2026 04:55
9e948c5c-87dd-4fbf-b2f2-6682fa77a16d,alveolar.photo,available,29.99,29.99,high,low,8,namesilo,,,22/09/2026 02:54
ae3423fd-49c5-4b80-8fc2-8ef0b241357c,glued.photo,available,29.99,29.99,high,low,5,namesilo,,,20/08/2026 15:12
51baf62c-585e-41ae-8633-9836c5d396d0,effortful.photo,available,29.99,29.99,medium,low,9,namesilo,,,15/08/2026 16:20
1f535684-99fc-4ef3-a990-f7b3f266349d,judy.photo,available,29.99,29.99,high,low,4,namesilo,,,25/09/2026 11:45
44964e27-d3b8-4873-9a72-079f7928b449,advertiser.photo,available,29.99,29.99,high,low,10,namesilo,,,17/09/2026 08:38
9ea1d9dd-f4b2-4dfa-9200-4c7163a4aa75,scriptural.photo,available,31.98,40.98,medium,low,10,namecheap,,,09/08/2026 18:55
747185fe-82c6-4e04-bb20-58d860a33fd9,bankers.photo,available,29.99,29.99,medium,low,7,namesilo,,,20/09/2026 11:37
4b67a345-a757-4618-b8b4-0302e8a53376,checkmate.photo,available,29.99,29.99,high,low,9,namesilo,,,24/09/2026 14:02
dd51f8b0-cc39-4319-bbcd-0752bc0fc1d3,gorbachev.photo,available,26.08,26.08,medium,low,9,spaceship,,,28/09/2026 05:51
73263950-69bc-414f-a001-4267699b936b,cheddar.photo,available,39.99,39.99,high,low,7,name.com,,,18/09/2026 19:29
a4db2b35-6a40-4b63-916a-515ed7907725,covenant.photo,available,29.99,29.99,high,low,8,namesilo,,,29/09/2026 10:32
6b59f6d4-f38e-4be4-8434-2c22629cd8f0,peach.photo,available,29.99,29.99,high,low,5,namesilo,,,27/09/2026 06:51
8ee7ce8d-5393-491b-af6b-e038c14b627f,prostitutes.photo,available,29.99,29.99,low,low,11,namesilo,,,28/09/2026 23:58
42744011-69bb-4cf4-917c-99bc4d434de8,mission.photo,premium,116,116,high,medium,7,namesilo,,,29/09/2026 13:45
a4beab8e-9380-4f5c-a3cc-cf32d7cc39ff,inwardly.photo,available,29.99,29.99,medium,low,8,namesilo,,,15/09/2026 09:18
8e854789-e27b-41b9-a45e-1e729ae108c7,trey.photo,available,29.99,29.99,high,low,4,namesilo,,,
4cf97650-966f-4dea-bf29-aac56276d773,oft.photo,premium,130,130,high,low,3,namecheap,,,14/09/2026 20:06
345938d4-1221-4e86-9227-430aad4ef11a,carthusian.photo,available,31.98,40.98,high,low,10,namecheap,,,11/08/2026 19:53
28bb542c-93d5-47a4-83b7-128b0ca49599,swoosh.photo,available,29.99,29.99,high,low,6,namesilo,,,11/09/2026 05:52
c1c5838e-c5f7-420b-a876-99871164807c,gorgeous.photo,available,29.99,29.99,high,low,8,namesilo,,,24/09/2026 22:48
bd6693ca-a748-4643-9147-d190f34c67e9,nepalese.photo,available,29.99,29.99,high,low,8,namesilo,,,03/09/2026 15:35
bb5385df-dc16-4272-b22a-f2fae113750c,thirst.photo,available,31.98,40.98,high,low,6,namecheap,,,28/09/2026 19:46
05c00860-89b1-4b77-a700-7ff78077828f,provisions.photo,available,29.99,29.99,high,low,10,namesilo,,,08/09/2026 08:15
13edd58e-173b-469d-99e6-7966d8aafa41,rightness.photo,available,39.99,39.99,medium,low,9,name.com,,,19/09/2026 22:23
cd365b2c-2931-4b05-8ead-9e99b8e92c5f,lacerate.photo,available,31.98,40.98,medium,low,8,namecheap,,,22/08/2026 17:51
e5584e3a-ac27-430f-8412-0765a0d3ec61,mouthcare.photo,available,39.99,,medium,low,9,name.com,,,
f22204a7-c4cd-4f81-a9ee-7acc6bb74999,gershwin.photo,available,26.26,26.26,high,low,8,porkbun,,,30/09/2026 01:44
032667d2-c365-4a7c-a430-2fe87234c4db,advances.photo,available,26.08,26.08,medium,low,8,spaceship,,,28/09/2026 23:36
3495fbb6-6543-40b9-991d-aa00820d3903,encourage.photo,available,29.99,29.99,high,low,9,namesilo,,,
e8a27cbf-7d6c-41b3-8771-a165ad2b873d,nonsocial.photo,available,31.98,40.98,medium,low,9,namecheap,,,03/09/2026 19:18
ed127e21-a813-4751-8749-99f2627bfb4a,smartphone.photo,premium,116,116,high,low,10,namesilo,,,
429dda6d-75a2-45f7-8a8c-b0caef5d062b,abuser.photo,available,31.98,40.98,medium,low,6,namecheap,,,16/09/2026 19:17
117bb97c-7e3c-4d8a-bf72-defd2b7d7598,leeds.photo,available,26.08,26.08,high,low,5,spaceship,,,29/09/2026 13:17
15679779-9210-45cb-ad2b-a831676b267d,dural.photo,available,31.98,40.98,medium,low,5,namecheap,,,14/08/2026 21:30
3473ca48-0e1c-4ed4-89d3-fcd23834d34d,anchorman.photo,available,31.98,40.98,high,low,9,namecheap,,,19/09/2026 03:46
49008b6f-2a45-46df-9cd0-1711fdc06db3,dazzling.photo,available,29.99,29.99,high,low,8,namesilo,,,27/09/2026 06:51
f05af495-b3ad-40ee-bf0f-42a5da117b4e,seller.photo,available,26.08,26.08,high,low,6,spaceship,,,28/09/2026 19:50
b6358291-30b9-494e-b4f9-2574106b75f2,synergetic.photo,available,29.99,29.99,high,low,10,namesilo,,,11/09/2026 06:25
b70bd1b0-b90f-42e6-9165-6f10aa112f95,cumulous.photo,available,29.99,29.99,medium,low,8,namesilo,,,13/08/2026 10:30
abf9263d-69ad-4b06-a5c0-0f986e561dc9,agone.photo,available,31.98,40.98,medium,low,5,namecheap,,,
b82608a9-eda9-45d5-92d2-6269bea75fe1,salable.photo,available,31.98,40.98,high,medium,7,namecheap,,,09/09/2026 20:50
048bf744-f2cd-4ae6-89b0-0eaae876a2da,athens.photo,premium,116,116,high,low,6,namesilo,,,20/09/2026 20:44
8982c913-8f8e-4279-83c8-e9158e6db7a7,subclavian.photo,available,29.99,29.99,medium,low,10,namesilo,,,10/09/2026 23:40
10c8229e-bc3f-4902-b33f-fb2d62f83b55,hymie.photo,available,29.99,29.99,high,medium,5,namesilo,,,10/09/2026 06:16
abfcabb5-c381-4c5e-8589-08a14b606d31,babushka.photo,available,29.99,29.99,high,low,8,namesilo,,,21/09/2026 12:58
5c04f7d3-769b-4257-8021-5f0743a1ed9a,uplifted.photo,available,29.99,29.99,high,low,8,namesilo,,,12/09/2026 23:11
600a21a1-dad4-413a-8bc4-d716fc30e125,memorise.photo,available,29.99,29.99,high,low,8,namesilo,,,
cc390119-73a9-43ec-8af8-56fc280a0871,richardson.photo,available,29.99,29.99,high,low,10,namesilo,,,28/09/2026 14:25
a0cb12c4-37ee-43df-95df-a08e9dc3f912,owe.photo,premium,116,116,high,low,3,namesilo,,,
502136c7-c6a2-4aa5-bbcd-e8021e60e6df,motherly.photo,available,29.99,29.99,high,low,8,namesilo,,,25/08/2026 07:06
70132433-8128-4768-9948-4a5698bbc914,theirs.photo,available,39.99,,medium,low,6,name.com,,,
9e97dd67-fbc2-481c-808a-c8513ddc39e2,freckled.photo,available,29.99,29.99,medium,low,8,namesilo,,,18/08/2026 14:26
0807a04a-fecd-436f-80d7-8dc485f1d9c4,styling.photo,available,31.98,40.98,high,low,7,namecheap,,,17/09/2026 18:14
5b06a696-94ee-4bf1-ab9f-2e283343c40a,continuing.photo,available,39.99,39.99,high,low,10,name.com,,,23/09/2026 22:17
37a021bd-8395-43bb-a8f9-edb03fa12e64,saturnine.photo,available,29.99,29.99,medium,low,9,namesilo,,,20/08/2026 15:03
ecbacbec-1cad-44a8-b3b6-0baf1d13ac2f,savannah.photo,premium,116,116,high,low,8,namesilo,,,30/09/2026 02:47
6960afde-f4eb-4b77-94b2-3cdc373526b0,referent.photo,available,29.99,29.99,high,medium,8,namesilo,,,09/09/2026 12:35
86d64df0-94b7-4682-b06e-97a46c2fca57,analysis.photo,available,26.08,26.08,high,low,8,spaceship,,,28/09/2026 03:24
08d04e81-e801-4305-ab02-8e95b8383116,multiply.photo,premium,116,116,high,low,8,namesilo,,,15/09/2026 15:37
7402e99e-340f-4d9d-b973-91097188e0ab,cheering.photo,available,29.99,29.99,high,low,8,namesilo,,,27/09/2026 06:56
8a9026cf-466a-4106-9b5d-c754b457ee26,mysterious.photo,available,29.99,29.99,high,low,10,namesilo,,,24/09/2026 03:42
d3d27a31-40d6-4d7e-bfdf-75112b7b357c,grants.photo,available,26.08,26.08,high,low,6,spaceship,,,29/09/2026 09:56
6c8f9dc4-a7b8-4050-8e2d-776a5a39620f,ferris.photo,available,29.99,29.99,medium,low,6,namesilo,,,28/09/2026 22:04
189a54ad-880b-473d-88db-a3a77ecf1113,rockwell.photo,available,29.99,29.99,high,low,8,namesilo,,,27/09/2026 04:54
7b824711-d784-43a8-a83a-08c3ef0099b6,diabetic.photo,available,29.99,29.99,high,low,8,namesilo,,,14/08/2026 05:36
3eb08f99-eba2-4bb6-8055-5b381c5bafe0,agal.photo,available,29.99,29.99,medium,low,4,namesilo,,,17/09/2026 16:00
56eb5f2f-21a2-4c36-90d9-6bb0c8ad6e24,singly.photo,available,29.99,29.99,medium,low,6,namesilo,,,15/09/2026 08:03
4216af23-de3c-4fa3-a323-96db0801de79,purr.photo,available,31.98,40.98,high,low,4,namecheap,,,23/09/2026 20:53
24999ec9-3f01-43b1-9385-b80b8793a996,hearn.photo,available,29.99,29.99,high,low,5,namesilo,,,29/09/2026 15:40
25f6aaa2-f1a4-49b7-af51-d1fdc556f5b8,aboveboard.photo,available,29.99,29.99,high,low,10,namesilo,,,
c00adf55-9738-4466-8937-db8a0928db4d,quintuple.photo,available,29.99,29.99,medium,low,9,namesilo,,,18/08/2026 05:54
6aeae15a-88e6-46ec-8cbe-fddc4612bdc3,sensational.photo,available,29.99,29.99,high,low,11,namesilo,,,
818fefa9-a329-47f8-9d23-ef14ab07d7c8,acentric.photo,available,29.99,29.99,medium,low,8,namesilo,,,
22e2044b-b262-4a1e-a8d1-aa64a0d45474,farther.photo,available,29.99,29.99,high,low,7,namesilo,,,24/09/2026 17:01
7a63288a-62b7-489d-b897-3cc834ac667f,hyaline.photo,available,29.99,29.99,medium,low,7,namesilo,,,21/08/2026 16:06
ae3c0f02-e0eb-43de-82fc-8304a8c548b0,aroid.photo,available,29.99,29.99,medium,low,5,namesilo,,,06/08/2026 11:30
9e2ed418-0874-4033-8009-b12ec8be99a3,intimately.photo,available,29.99,29.99,high,low,10,namesilo,,,15/09/2026 09:03
6f8f4e16-e64f-4cf4-9300-932894955b1d,veracruz.photo,available,26.08,26.08,high,low,8,spaceship,,,28/09/2026 06:50
d037a44f-3903-4bd0-8cce-2669825405e5,daly.photo,available,29.99,29.99,high,low,4,namesilo,,,25/09/2026 13:04
07a4546c-422f-4a05-8158-b2fb3ea39625,regular.photo,available,26.26,26.26,high,low,7,porkbun,,,27/09/2026 11:38
54724505-69e1-4f5e-acf9-0a3701b02aa2,esther.photo,premium,130,130,high,low,6,namecheap,,,24/09/2026 06:50
08b93eaa-afc1-4ee7-8213-d73c63443746,gideon.photo,available,26.08,26.08,high,low,6,spaceship,,,28/09/2026 16:03
68812905-2426-4d6d-84ec-a98396044742,sane.photo,available,29.99,29.99,high,low,4,namesilo,,,19/09/2026 15:46
1362d0dd-33c5-44af-9e68-4c7963f72108,billabong.photo,available,29.99,29.99,high,medium,9,namesilo,,,23/09/2026 16:06
0af69892-f3ef-4bf0-af96-cbb829f35a7a,comprehend.photo,available,26.08,26.08,high,low,10,spaceship,,,29/09/2026 18:01
4259fbca-63d2-4d4d-953d-b24cbd9c3bac,docks.photo,available,29.99,29.99,high,low,5,namesilo,,,28/09/2026 17:14
b54e6cb8-fe8e-4850-8693-483ce74eed47,gird.photo,available,29.99,29.99,medium,low,4,namesilo,,,20/09/2026 06:19
7997af84-cb33-4a96-aa44-97f0552c2d1c,edmunds.photo,available,29.99,29.99,medium,low,7,namesilo,,,28/09/2026 16:36
9836b35a-ef6b-4736-9fe3-f68ca3639462,loyalty.photo,premium,116,116,high,low,7,namesilo,,,18/09/2026 10:32
42047015-847c-4286-b610-ef7783512e3d,heir.photo,available,26.08,26.08,high,low,4,spaceship,,,28/09/2026 14:24
0b61b27f-15bd-4be0-abbb-7587da150e2e,modem.photo,available,39.99,,high,low,5,name.com,,,
b3f38a43-52e4-4f06-a23b-8cf8dff42d30,nodular.photo,available,31.98,40.98,medium,low,7,namecheap,,,03/09/2026 18:06
387d346a-23bc-4559-97c2-c1b92fb7fa24,shambles.photo,available,29.99,29.99,medium,low,8,namesilo,,,16/09/2026 14:17
ddf5dce8-9f55-4f37-ab89-181d66499f2e,pervious.photo,available,31.98,40.98,medium,low,8,namecheap,,,08/09/2026 18:09
aa190d6c-efad-4653-af9e-ee1597b5d130,daybreak.photo,available,29.99,29.99,high,low,8,namesilo,,,11/09/2026 02:05
e45a96dc-a4c4-4ff8-a516-9f394ace1ee6,kashmiri.photo,available,29.99,29.99,medium,low,8,namesilo,,,22/08/2026 15:07
78917a42-1615-444e-b347-c97b7afff917,sandals.photo,available,29.99,29.99,high,low,7,namesilo,,,20/09/2026 14:52
04d919b4-75dc-40a3-a7ce-d51b79911448,enters.photo,available,26.08,26.08,low,low,6,spaceship,,,28/09/2026 17:22
0df3724a-c722-435f-bd01-96c81c6a16e5,reasonless.photo,available,29.99,29.99,medium,low,10,namesilo,,,11/08/2026 22:42
f1c7883e-9423-4542-a90d-bc1674b29f6d,welkin.photo,available,31.98,40.98,medium,low,6,namecheap,,,16/08/2026 21:01
45ee2e42-77d8-4dfb-b131-a136a9d03788,stoddard.photo,available,29.99,29.99,medium,low,8,namesilo,,,29/09/2026 09:50
a2d4540b-3d7e-4255-9273-6ac960e9730b,fledged.photo,available,29.99,29.99,high,low,7,namesilo,,,18/08/2026 07:25
0f6b7e33-c944-4284-bb55-1f509f674481,perpetrator.photo,available,26.08,26.08,medium,low,11,spaceship,,,29/09/2026 20:54
4017b8d6-6843-401a-9558-4e9cbdcd794e,courtroom.photo,available,29.99,29.99,high,low,9,namesilo,,,29/09/2026 11:50
b67fa32d-7b6f-4a80-bb4c-a9064b70c505,gamble.photo,available,29.99,29.99,high,low,6,namesilo,,,17/09/2026 10:37
f016485f-e800-4d7d-9572-199b23489de2,nutrients.photo,available,29.99,29.99,medium,low,9,namesilo,,,21/09/2026 00:14
6e303f48-e67c-46dd-9c7a-160b169d94d6,assets.photo,premium,116,116,high,low,6,namesilo,,,20/09/2026 16:21
11449666-c053-404b-8026-f45613fc4738,lawful.photo,available,31.98,40.98,high,low,6,namecheap,,,22/08/2026 21:21
17d4c140-c52a-4871-98d7-cb2d033a06fe,drum.photo,available,31.98,40.98,high,low,4,namecheap,,,10/08/2026 18:17
daba4469-9ea3-4a93-a7ee-8fdc4c24b78b,crummy.photo,available,29.99,29.99,medium,low,6,namesilo,,,11/08/2026 09:02
009789cf-179f-43a4-893e-1f8757521b6a,murine.photo,available,29.99,29.99,medium,low,6,namesilo,,,03/09/2026 11:04
9311c66a-2316-45c2-94b1-d4caa7757e68,let.photo,available,26.08,26.08,high,low,3,spaceship,,,28/09/2026 22:10
c6eb7d46-d04b-4832-981b-08e86e8dc280,banal.photo,available,29.99,29.99,medium,low,5,namesilo,,,22/09/2026 16:37
a5611e9e-37d7-4c73-ab71-df4cd9f0883d,prosecutors.photo,available,26.08,26.08,medium,low,11,spaceship,,,30/09/2026 00:33
09369421-bc87-40d0-8fcb-4617fa1c79aa,druggist.photo,available,31.98,40.98,high,low,8,namecheap,,,19/09/2026 19:38
ec25a7fe-a8f9-4170-a753-a5219f33905c,bronson.photo,available,26.08,26.08,medium,low,7,spaceship,,,28/09/2026 16:48
6c08a8c9-f242-4d25-a0d3-5f6f7e4f2e9d,sturdy.photo,available,29.99,29.99,high,low,6,namesilo,,,21/08/2026 00:56
4d3fbf43-2042-418c-9f6e-3d2f647994b4,bounteous.photo,available,31.98,40.98,high,low,9,namecheap,,,09/08/2026 20:50
599c6dce-1d1d-45f7-b3d5-3d5b26fa2edc,shakable.photo,available,29.99,29.99,medium,low,8,namesilo,,,10/09/2026 05:32
f28d4f55-2484-4687-bdd5-5af6bd96a795,anhydrous.photo,available,29.99,29.99,medium,low,9,namesilo,,,
88e8e6da-8df2-4e94-8888-40ec0133a9e5,motorist.photo,available,29.99,29.99,high,low,8,namesilo,,,21/09/2026 07:26
1ac20fe4-71c5-41fd-8211-52beeff17514,banding.photo,available,29.99,29.99,high,low,7,namesilo,,,22/09/2026 01:17
dd3fad35-67fe-462f-8b94-249095e8567e,malevolent.photo,available,29.99,29.99,medium,low,10,namesilo,,,24/08/2026 13:52
1ac05be9-539e-4b01-b5fa-97d3aee9ff37,impress.photo,available,26.08,26.08,high,low,7,spaceship,,,29/09/2026 23:37
bed5026b-fb98-4a73-a927-5d61c0ebe392,hooved.photo,available,29.99,29.99,medium,low,6,namesilo,,,21/08/2026 13:42
bf145e37-2fe2-472d-b15d-7ec0865e8c7a,mirror.photo,premium,125,,high,low,6,name.com,,,
6ea33606-fc92-483b-a32f-81da8065f69b,pigfish.photo,available,29.99,29.99,medium,low,7,namesilo,,,17/09/2026 00:46
29caedd5-fa03-475a-b00c-7c78e60f4730,livelong.photo,available,29.99,29.99,high,low,8,namesilo,,,24/08/2026 07:57
2728cb1e-5b51-406d-b2f5-00387517f2b7,bargaining.photo,available,29.99,29.99,high,low,10,namesilo,,,22/09/2026 05:36
e2c3f98c-ca3b-4a99-90d2-1b5cf0257f0d,vesica.photo,available,39.99,39.99,medium,low,6,name.com,,,24/09/2026 03:27
139fc9f8-4493-4ed7-909c-4d225752865b,arhus.photo,available,29.99,29.99,medium,low,5,namesilo,,,16/09/2026 13:26
135ff0ce-ac8b-414b-a9fc-46c0c701aaea,homebody.photo,available,31.98,40.98,medium,low,8,namecheap,,,10/09/2026 19:28
4a164907-0e90-4123-9a23-ccbee4eefcc2,nippy.photo,available,29.99,29.99,high,low,5,namesilo,,,03/09/2026 17:42
1e8b3ea3-e9db-482c-bc61-ebc6f651a4be,wheelchair.photo,available,26.08,26.08,high,low,10,spaceship,,,28/09/2026 11:05
52ec01bc-8baa-4fcc-be91-bf6a6689b21a,males.photo,available,29.99,29.99,medium,low,5,namesilo,,,18/09/2026 00:29
fb46b2c6-dc6e-48fd-a30d-0d9d440dc80e,antipope.photo,available,29.99,29.99,medium,low,8,namesilo,,,19/09/2026 15:00
eec869d0-2df2-4dc1-95de-7df918c57c37,quarrel.photo,available,26.97,26.97,medium,low,7,dynadot,,,28/09/2026 09:33
844ecc4a-8efc-497b-9140-2c9e37546294,said.photo,available,29.99,29.99,high,low,4,namesilo,,,
6b7cd5f6-4435-4ef3-ace3-bb6c942e8391,seduce.photo,available,26.26,26.26,high,low,6,porkbun,,,29/09/2026 14:16
932e53e7-0e91-475a-844b-691a906fd6e4,wishing.photo,available,29.99,29.99,high,low,7,namesilo,,,
b6c86642-fb1d-492d-9d0d-a9a0d6acd010,observing.photo,available,29.99,29.99,high,low,9,namesilo,,,04/09/2026 00:01
74d679d2-bf38-46d2-818b-e548501fbec2,maximising.photo,available,31.98,40.98,high,low,10,namecheap,,,24/08/2026 17:58
77dae0a8-458c-48e3-83da-83611518f639,nervous.photo,available,29.99,29.99,medium,low,7,namesilo,,,21/09/2026 22:02
1671e705-97ee-4cec-a4c1-a8369f5a4a44,drycleaning.photo,available,31.98,40.98,high,low,11,namecheap,,,21/09/2026 04:39
e7136687-890d-42fc-97ad-17a84fdaea9a,reminds.photo,available,29.99,29.99,medium,low,7,namesilo,,,27/09/2026 03:09
ba3dc03d-a95c-4c2f-b75f-0380560c399d,forbearing.photo,available,29.99,29.99,high,low,10,namesilo,,,18/08/2026 10:57
e2acdc57-49db-4c43-bc8f-644be7c5b2df,parietal.photo,available,29.99,29.99,medium,low,8,namesilo,,,08/09/2026 01:33
9142956d-e661-444a-ba34-792aa44d520a,thunder.photo,premium,103.7,103.7,high,low,7,spaceship,,,27/09/2026 15:41
b35c0bff-0605-439d-9da3-f3bcdd4f6012,theorize.photo,available,29.99,29.99,high,low,8,namesilo,,,24/09/2026 17:19
5abda8f3-1d59-4cea-b8c7-c12a73e3f43f,armchair.photo,available,29.99,29.99,high,low,8,namesilo,,,20/09/2026 06:33
6b043572-3482-4650-abd6-710d3ad3897b,cookies.photo,premium,103.7,103.7,high,low,7,spaceship,,,27/09/2026 23:29
6ae2d692-984d-4d07-88a9-7e9b82cda37b,highway.photo,available,29.99,29.99,high,low,7,namesilo,,,29/09/2026 22:47
dc28274f-db6d-42f4-affe-389bf8d4bc56,daytona.photo,available,26.08,26.08,high,low,7,spaceship,,,28/09/2026 04:21
46e5a631-0e8b-4ec1-9143-c525e63795d8,deny.photo,available,29.99,29.99,high,low,4,namesilo,,,25/09/2026 11:07
0b8b640c-7df7-49d0-8142-c109881afc76,pages.photo,premium,116,116,high,low,5,namesilo,,,17/09/2026 10:38
b0bf7b1e-6c16-4eb5-8508-1886f2b08a5b,monarchal.photo,available,29.99,29.99,medium,low,9,namesilo,,,25/08/2026 04:07
1a8d3121-be05-4f2a-945e-8c436d858fae,harmonised.photo,available,29.99,29.99,high,low,10,namesilo,,,12/08/2026 22:52
573d4e38-595b-4bc5-b3db-8aa550c4b8a9,rookie.photo,available,29.99,29.99,high,low,6,namesilo,,,29/09/2026 12:33
700b4c9e-ffc0-40ff-8fdd-70a06e1ee362,colonel.photo,available,29.99,29.99,high,low,7,namesilo,,,27/09/2026 03:33
b2082cb1-5587-4ae8-b4ef-727342f182f4,sexless.photo,available,29.99,29.99,medium,low,7,namesilo,,,10/09/2026 05:17
50ee00f2-11fc-4e58-bb17-64c281e8e0aa,pretending.photo,available,29.99,29.99,high,low,10,namesilo,,,
390c8dfb-7901-4d2d-8e9f-ad579a098063,arng.photo,available,29.99,29.99,medium,low,4,namesilo,,,20/09/2026 08:02
90339883-519a-4426-813b-556b522758c1,harmony.photo,available,26.08,26.08,high,medium,7,spaceship,,,29/09/2026 10:31
c6c66fbd-aada-4d76-a336-f9849cd98798,visibility.photo,available,29.99,29.99,high,low,10,namesilo,,,
e73bef8a-0752-4cc2-81df-2f824710d32a,mutiny.photo,available,29.99,29.99,high,low,6,namesilo,,,29/09/2026 13:30
33a3becf-6f0a-4b11-b63f-58a6e2695cbc,hesperides.photo,available,31.98,40.98,medium,low,10,namecheap,,,20/09/2026 21:44
29db783a-ec92-4526-81d1-9423d913eebc,delighted.photo,available,29.99,29.99,high,low,9,namesilo,,,09/08/2026 10:01
b1c8d0f8-2bd2-46fa-871a-c28484bfc5ed,invention.photo,available,29.99,29.99,high,low,9,namesilo,,,28/09/2026 02:09
fa595dcc-4968-4e0e-8254-540e63d6813f,washington.photo,premium,103.7,103.7,high,low,10,spaceship,,,28/09/2026 20:59
92f6c080-d4c0-4833-9d88-bec72ff88042,endanger.photo,available,49.99,49.99,high,low,8,godaddy,,,30/09/2026 02:16
289d8d2e-bb4a-4357-ac5d-48444bd47c0d,polythene.photo,available,29.99,29.99,medium,low,9,namesilo,,,
b64a17ef-b16d-4135-951a-a1d39fd38819,seaborne.photo,available,29.99,29.99,medium,low,8,namesilo,,,10/09/2026 00:34
76139a2c-cd82-42ca-8669-38526c7bca94,colorectal.photo,available,31.98,40.98,medium,low,10,namecheap,,,12/08/2026 17:46
e44ea8e2-e575-460e-87c6-80509df69594,misprint.photo,available,29.99,29.99,high,low,8,namesilo,,,24/08/2026 02:49
ec1db7c3-09f3-4f24-a8aa-9f4611290dbb,crossed.photo,available,29.99,29.99,high,low,7,namesilo,,,13/08/2026 08:18
61d5f07b-d8d3-4ab4-9d1d-f22507c8234b,return.photo,premium,130,130,high,low,6,namecheap,,,19/09/2026 03:27
d9e6d149-d58d-4fce-a9e1-3f6db331574b,chem.photo,available,29.99,29.99,high,low,4,namesilo,,,18/09/2026 00:59
1bd1f5fe-ac82-4187-a32c-34c7e28c56ee,wry.photo,premium,116,116,high,low,3,namesilo,,,22/08/2026 10:08
8cd29842-c5e9-4b43-aeb9-667be42e253b,sapphirine.photo,available,31.98,40.98,high,medium,10,namecheap,,,09/09/2026 21:22
fc5423f4-1c1a-44ca-9f09-921932b26ca9,muhammad.photo,premium,116,116,medium,low,8,namesilo,,,28/09/2026 13:59
62b05a67-886e-40ee-914e-523b89e22a06,cpa.photo,premium,103.7,103.7,high,low,3,spaceship,,,28/09/2026 05:25
0e3ca9bd-aa4e-4357-9f0a-43c38f8f22e3,coding.photo,available,29.99,29.99,high,low,6,namesilo,,,28/09/2026 05:32
e814a4ab-6924-4908-acac-5e265fbe3863,inspiration.photo,available,29.99,29.99,high,low,11,namesilo,,,27/09/2026 06:51
86da75ec-eb88-47d7-a1c2-b29c2bee3651,chirp.photo,available,31.98,40.98,high,low,5,namecheap,,,24/09/2026 14:08
507f08ad-e148-444a-a9bb-a8037bf15961,rodney.photo,available,29.99,29.99,high,low,6,namesilo,,,28/09/2026 03:52
80eb4741-0cc8-4a5e-9c0b-9d5fad2c65d5,cafeteria.photo,available,29.99,29.99,high,low,9,namesilo,,,24/09/2026 11:37
b1881f59-ad60-4916-8db9-efb4d750933e,henson.photo,available,31.98,40.98,medium,low,6,namecheap,,,28/09/2026 14:26
e032cba1-eab9-4e30-8004-70fd6e2cb131,pressor.photo,available,29.99,29.99,high,medium,7,namesilo,,,09/09/2026 01:43
3d9f0bb0-da48-4eae-a313-2b61b86055ca,graceful.photo,available,29.99,29.99,high,low,8,namesilo,,,27/09/2026 06:51
aecdb20c-a924-49c6-89ba-ba6e09924d2b,aberrance.photo,available,29.99,29.99,medium,low,9,namesilo,,,16/09/2026 15:12
8e5d4d1b-ed02-438e-af07-9b483a7ab08a,rows.photo,available,29.99,29.99,low,low,4,namesilo,,,29/09/2026 10:22
88d1736d-f292-402f-8732-6d8a6bbde2ee,languorous.photo,available,31.98,40.98,medium,low,10,namecheap,,,22/08/2026 18:05
04661db4-72b0-4e97-83b7-9828662426ba,ascendant.photo,available,29.99,29.99,high,low,9,namesilo,,,
09f3ea71-0001-490f-a904-d5ca729643af,pliability.photo,available,31.98,40.98,high,low,10,namecheap,,,23/09/2026 07:42
7065f56d-4393-48d8-9f29-d8066992a646,mean.photo,available,31.98,40.98,high,low,4,namecheap,,,22/09/2026 18:47
57ed0152-2798-4a4c-bb90-f15597dd716d,pawtucket.photo,available,29.99,29.99,high,low,9,namesilo,,,29/09/2026 15:45
9bb41019-341a-4119-8024-a93002fbabf7,campaigner.photo,available,26.97,26.97,high,low,10,dynadot,,,29/09/2026 06:13
805a91fd-f507-4d42-a329-4fb87e7b2869,tablespoons.photo,available,31.98,40.98,medium,low,11,namecheap,,,20/09/2026 10:16
2e409943-7b4a-4dc7-906d-0bd6ac654454,orally.photo,available,31.98,40.98,medium,low,6,namecheap,,,15/09/2026 18:11
426bd82e-162b-4d3c-9435-8752b31163d5,program.photo,premium,125,125,high,low,7,name.com,,,24/09/2026 17:00
c7454044-ff28-492f-b403-717ab960307d,curb.photo,available,31.98,40.98,high,low,4,namecheap,,,18/09/2026 20:45
72d0f86f-3670-4568-bb9d-76acd17c0010,bedtime.photo,available,29.99,29.99,high,low,7,namesilo,,,22/09/2026 23:43
d8789cb2-5dae-4d8d-ba24-af2689ad8cff,beacon.photo,available,31.98,40.98,high,medium,6,namecheap,,,22/09/2026 19:12
2a611161-1613-4c2f-8b3c-b23614c93168,candied.photo,available,29.99,29.99,high,low,7,namesilo,,,11/08/2026 16:48
61cf770b-da27-458c-a28f-539e601dde0e,distaste.photo,available,29.99,29.99,medium,low,8,namesilo,,,19/09/2026 14:55
a90d985a-4540-414f-8f62-2267a93cd06d,relying.photo,available,26.08,26.08,medium,low,7,spaceship,,,29/09/2026 23:13
a7947508-7a2a-4072-9a39-7f4f4c923e40,germy.photo,available,29.99,29.99,medium,low,5,namesilo,,,18/08/2026 22:53
deb22875-f191-4b48-9ffc-3240162cd0a2,glissando.photo,available,29.99,29.99,high,low,9,namesilo,,,14/09/2026 21:37
d8246377-6002-499d-9d99-c8d33c936d32,exists.photo,available,29.99,29.99,medium,low,6,namesilo,,,27/09/2026 02:40
7e465c18-0ef0-4747-89d0-96b7a86eb1e9,facet.photo,available,26.08,26.08,high,low,5,spaceship,,,28/09/2026 22:42
5b088868-789c-49c9-9484-10c6e0ec04a6,durham.photo,available,49.99,49.99,high,low,6,godaddy,,,30/09/2026 01:25
a3517580-ce8b-4269-9966-ef2e88b867a4,quoted.photo,available,29.99,29.99,medium,low,6,namesilo,,,29/09/2026 23:28
daa62d48-0170-4855-97fc-d86b02500e94,fictional.photo,available,31.98,40.98,high,low,9,namecheap,,,17/08/2026 20:18
83541363-21c2-45b8-8198-c77f6f0db22b,begonia.photo,available,29.99,29.99,high,low,7,namesilo,,,23/09/2026 02:28
11617ab7-a044-4724-aeac-3da363ad41f6,peerage.photo,available,29.99,29.99,high,low,7,namesilo,,,22/09/2026 07:17
b70401f6-d04d-4269-82eb-8a138cf6357a,qualification.photo,available,29.99,29.99,high,low,13,namesilo,,,
4d1b062c-44b1-454c-b502-127a742c17c3,sophistication.photo,available,29.99,29.99,high,low,14,namesilo,,,
a9384be2-5474-4833-ac92-59dd64ec610c,retina.photo,premium,116,116,high,low,6,namesilo,,,
0a888723-bc4f-49cd-8172-3bd362af0c3a,isothermic.photo,available,29.99,29.99,medium,low,10,namesilo,,,22/08/2026 11:24
d17c60b8-23b9-4d4b-a72f-0128c02a2986,bearwood.photo,available,39.99,39.99,medium,low,8,name.com,,,22/09/2026 20:58
a0ad4402-5269-4406-8244-aee9abd15c2b,traders.photo,available,39.99,,high,low,7,name.com,,,
9cf88d98-103d-41bd-a5ed-bd5f7ecd6ac0,hater.photo,available,31.98,40.98,medium,low,5,namecheap,,,29/09/2026 22:19
019c846c-06cc-42f0-b28a-059f3db7a2f9,nitid.photo,available,29.99,29.99,medium,low,5,namesilo,,,
1b1beae3-9120-4cc3-9eba-62ba61f48515,unmerciful.photo,available,29.99,29.99,medium,low,10,namesilo,,,24/08/2026 20:38
62a62175-86eb-457d-befe-e71992d69f59,erstwhile.photo,available,29.99,29.99,medium,low,9,namesilo,,,17/08/2026 13:05
6c01f74d-9e97-427e-803d-c26ffb40f78c,kpa.photo,premium,116,116,medium,low,3,namesilo,,,28/09/2026 16:13
c51c7ba5-6e6d-4e52-8398-b28f76dfdb43,roar.photo,available,26.08,26.08,high,low,4,spaceship,,,27/09/2026 15:38
e13f21e7-f71b-402e-b7fd-6d4920fcef54,practised.photo,available,29.99,29.99,high,medium,9,namesilo,,,09/09/2026 00:57
4b9ef961-bc84-4b88-bf9d-1cae318433fd,volatile.photo,available,29.99,29.99,high,low,8,namesilo,,,24/09/2026 17:42
1f3f5dab-64af-4c96-99a0-eb034ddc7496,period.photo,available,26.08,26.08,high,low,6,spaceship,,,29/09/2026 07:41
c1c769e5-fc0f-49f5-8558-f37e2a66891b,hardheaded.photo,available,29.99,29.99,medium,low,10,namesilo,,,21/08/2026 00:26
3b351a33-23b2-4e13-8ee1-eeb695861f82,upfield.photo,available,29.99,29.99,medium,low,7,namesilo,,,12/09/2026 23:08
ae65758b-a3a9-4631-9104-943800db6174,akha.photo,available,29.99,29.99,medium,low,4,namesilo,,,17/09/2026 23:55
94eb3089-dabe-49d1-a75a-5f8b6c0a95ed,column.photo,available,29.99,29.99,high,low,6,namesilo,,,19/09/2026 04:50
69e47734-b26b-48f4-9993-cbc58077628c,privileged.photo,available,29.99,29.99,high,low,10,namesilo,,,27/09/2026 06:20
b19d8ac8-bd8b-44f4-a069-d571de048cf2,aquitaine.photo,available,29.99,29.99,high,low,9,namesilo,,,19/09/2026 23:17
b55c1274-0c54-4511-899e-ffa4cc8ad58f,erratum.photo,available,29.99,29.99,medium,low,7,namesilo,,,24/08/2026 07:21
855b67ab-e9c5-413a-b54b-c4c75d1e50e0,barrow.photo,available,29.99,29.99,medium,low,6,namesilo,,,22/09/2026 08:41
0cd495fb-fbfc-4143-b24c-c319969feaaf,nowadays.photo,available,29.99,29.99,medium,low,8,namesilo,,,28/09/2026 22:43
069065a5-fef7-438b-943f-abbe47ea90c2,killers.photo,available,29.99,29.99,medium,low,7,namesilo,,,27/09/2026 11:04
74a750bb-6bfc-4074-b776-50ff5b301330,lagos.photo,premium,116,116,high,low,5,namesilo,,,27/09/2026 14:38
115560ad-1a91-4753-9777-56ef94d31049,cunningham.photo,available,29.99,29.99,high,low,10,namesilo,,,25/09/2026 04:27
bd8b9dd2-8dca-45f2-b240-d3fc4bb0a939,advocate.photo,available,26.26,26.26,high,low,8,porkbun,,,28/09/2026 19:06
dd1badb5-7b47-40eb-98ab-8db9081f94fe,carlsbad.photo,available,26.08,26.08,high,low,8,spaceship,,,29/09/2026 18:13
f6542067-a176-451f-b979-bb3d8e675c72,subscribed.photo,available,29.99,29.99,high,low,10,namesilo,,,11/09/2026 00:41
0e360b57-7915-4331-bc0a-61c3ea579351,artless.photo,available,29.99,29.99,high,low,7,namesilo,,,06/08/2026 23:47
98254c81-5e00-4516-8340-ca9167cf5b9e,stance.photo,available,26.97,26.97,high,low,6,dynadot,,,28/09/2026 20:34
9ea8134b-a86e-4b73-aea0-0cec1a235dd3,souther.photo,available,29.99,29.99,high,medium,7,namesilo,,,10/09/2026 14:54
65a90055-dfae-48ad-b907-dc0740ee0e1b,credit.photo,premium,130,130,high,low,6,namecheap,,,29/09/2026 09:26
f664179a-8990-49c6-8aac-1e8b09452fb7,superb.photo,premium,116,116,high,low,6,namesilo,,,23/09/2026 09:28
1ded0969-2f60-479d-a9a3-45bd5f5f176a,vitalizer.photo,available,29.99,29.99,medium,low,9,namesilo,,,19/09/2026 09:10
37d55615-4a47-4395-972e-c96eafdb7fae,substance.photo,available,29.99,29.99,high,low,9,namesilo,,,14/09/2026 23:41
ee2bb577-689c-401d-922b-5a11586135bf,graduate.photo,available,29.99,29.99,high,low,8,namesilo,,,20/08/2026 17:51
df58aa67-b9ce-487a-8c87-95394a96daee,jar.photo,premium,103.7,103.7,high,low,3,spaceship,,,30/09/2026 00:42
b2ab58c2-9d26-4182-9ba2-d0a2e8ead5fa,allegory.photo,available,29.99,29.99,high,low,8,namesilo,,,18/09/2026 10:41
1247b3c1-75a9-49f6-9809-88e30661dba5,starlit.photo,available,31.98,40.98,high,low,7,namecheap,,,10/09/2026 18:56
114a415e-3d5e-43d1-b978-8717bd5e25eb,penial.photo,available,29.99,29.99,medium,low,6,namesilo,,,08/09/2026 14:23
e2bd3312-2f2a-4d6f-850d-943a6d54cd2d,iced.photo,available,29.99,29.99,high,low,4,namesilo,,,29/09/2026 14:21
1d61b9ef-f807-46cf-b77c-31512b8a25fc,complicate.photo,available,29.99,29.99,high,low,10,namesilo,,,08/09/2026 14:25
112c3d07-0960-407b-9cc7-d6a4c9b81b70,moreover.photo,available,31.98,40.98,high,low,8,namecheap,,,14/09/2026 20:44
627b18c3-5023-46f6-9bc0-23d21cd341de,assess.photo,available,29.99,29.99,high,low,6,namesilo,,,
ac6d5bc6-51fe-49a4-9991-2f4347f8666b,syntactic.photo,available,29.99,29.99,high,low,9,namesilo,,,11/09/2026 06:39
f37af9b2-da9d-42dc-92dd-fcd633170e7f,drumhead.photo,available,31.98,40.98,medium,low,8,namecheap,,,14/08/2026 20:15
fa82b436-57e1-4036-b61b-5e7df075f8d4,brickle.photo,available,29.99,29.99,medium,low,7,namesilo,,,11/08/2026 03:49
18285d15-d581-4f07-9100-2725fc0aab5f,sobersided.photo,available,29.99,29.99,high,medium,10,namesilo,,,10/09/2026 13:07
e24974fb-735e-44ce-b604-a9e9bc586568,diaper.photo,premium,116,116,high,low,6,namesilo,,,03/09/2026 13:09
afad6c7d-3d8a-4dd2-aaf7-ac315206a23a,nguyen.photo,available,29.99,29.99,high,low,6,namesilo,,,28/09/2026 04:48
45ae740b-dd0a-47c5-9996-fc277a830fa8,livery.photo,available,29.99,29.99,high,low,6,namesilo,,,24/08/2026 08:06
f615b7dd-4664-4a4a-8a5c-4766ef9a41c5,neuter.photo,available,29.99,29.99,medium,low,6,namesilo,,,03/09/2026 16:30
44090ac2-3092-46f7-a7d8-8b3f793e0540,relied.photo,available,29.99,29.99,medium,low,6,namesilo,,,20/09/2026 05:00
095eb180-041b-4c4b-9567-ab36e5e83cad,lovers.photo,available,29.99,29.99,high,low,6,namesilo,,,27/09/2026 02:55
9d80f1fb-990d-49de-94fe-378336127f67,gig.photo,premium,103.7,103.7,high,low,3,spaceship,,,28/09/2026 05:44
ca47cc87-ba74-4559-b992-a5dd129f1493,adobo.photo,available,29.99,29.99,high,low,5,namesilo,,,17/09/2026 09:29
e23d3200-6f56-4da6-9c61-b7c5ef8fcfb0,malfunction.photo,available,26.08,26.08,high,low,11,spaceship,,,29/09/2026 08:32
35a80a1f-f1a8-47ed-b3a2-1a6999caa520,credal.photo,available,29.99,29.99,medium,low,6,namesilo,,,13/08/2026 05:52
626b5e66-8d2a-4080-bbe8-1c17bcb808a8,liqueur.photo,available,29.99,29.99,high,low,7,namesilo,,,13/08/2026 01:02
78e7fe87-3ab1-499e-a124-518d073d9713,special.photo,premium,116,116,high,low,7,namesilo,,,24/09/2026 15:16
7ff4877e-f0dd-40cb-81c6-5d941baf1cc6,aggregates.photo,available,31.98,40.98,low,low,10,namecheap,,,28/09/2026 08:51
1c4c2f1d-67e2-49b6-b163-6f3dbd4f65e3,grandparent.photo,premium,116,116,high,low,11,namesilo,,,19/09/2026 04:27
1f1a4b6a-a162-4260-81fc-97e7ef7922ff,pink.photo,available,29.99,29.99,high,low,4,namesilo,,,27/09/2026 03:47
1b515ce3-398d-4fe4-ae6b-40f8aaad0829,blacksnake.photo,available,29.99,29.99,medium,low,10,namesilo,,,24/09/2026 01:28
5386fe70-6bc1-4614-9abc-43494dfec69e,guiltless.photo,available,29.99,29.99,high,low,9,namesilo,,,12/08/2026 10:18
357a2cf1-0bff-46d9-ad15-77cb719aa128,lucca.photo,available,26.08,26.08,high,low,5,spaceship,,,29/09/2026 21:45
d225f270-640b-459b-9165-c7f566ba93ca,bonded.photo,available,26.97,26.97,medium,low,6,dynadot,,,29/09/2026 05:02
5859d957-0e91-45ea-9e9f-e67353ade2a5,abiding.photo,available,29.99,29.99,high,low,7,namesilo,,,21/09/2026 13:52
cd9f3891-5d39-4531-94b8-7007803309ae,ruhr.photo,available,26.26,26.26,medium,low,4,porkbun,,,29/09/2026 02:04
3fabc27d-1f01-4bac-9b91-d0536c1c5da0,lowered.photo,available,29.99,29.99,high,low,7,namesilo,,,25/09/2026 15:26
a1fb8809-3128-43e1-8781-5db0c7f28a00,nebulously.photo,available,29.99,29.99,low,low,10,namesilo,,,15/09/2026 16:18
53f7bdba-b72b-4ff7-bc39-e084a6b6e929,snuggled.photo,available,29.99,29.99,medium,low,8,namesilo,,,03/09/2026 15:48
b3073ce6-4fea-443a-a0c7-b606c9e2fd4c,convivial.photo,available,29.99,29.99,high,low,9,namesilo,,,12/08/2026 23:53
9f1b373a-6bce-4e27-84b5-97548735c59d,mavin.photo,available,29.99,29.99,high,low,5,namesilo,,,
2ec0e268-e97e-490d-962c-cff0e624fdcf,assouan.photo,available,29.99,29.99,medium,low,7,namesilo,,,20/09/2026 16:37
ff7682ec-5df9-44ac-86c1-e91fd5e31b11,ballup.photo,available,31.98,40.98,medium,low,6,namecheap,,,21/09/2026 23:27
f54cb4e1-e73f-4b3f-9045-44a6731f41cd,adolphus.photo,available,29.99,29.99,medium,low,8,namesilo,,,29/09/2026 15:26
e040d9ad-bca9-4235-ac62-ac6f354a0935,unfaithful.photo,available,31.98,40.98,medium,low,10,namecheap,,,17/08/2026 21:18
69c7db51-41c1-49d1-b635-ba3562df3a78,unsorted.photo,available,29.99,29.99,medium,low,8,namesilo,,,12/09/2026 04:50
1f5c9237-015e-4bf8-8597-4d837f63a3b5,damnably.photo,available,39.99,39.99,low,low,8,name.com,,,13/08/2026 16:35
841d61a0-b4d3-4e24-b723-cbce3837d393,chariot.photo,available,31.98,40.98,high,low,7,namecheap,,,29/09/2026 11:53
ec7e8775-22fb-406b-b295-6ea2757db598,shares.photo,premium,116,116,high,low,6,namesilo,,,
55d8a097-02b9-4870-b7f9-0c805edae62b,sorrowful.photo,available,29.99,29.99,medium,low,9,namesilo,,,10/09/2026 14:37
6e3bfea2-407d-4410-8c30-454b708960ae,spill.photo,available,29.99,29.99,high,low,5,namesilo,,,27/09/2026 15:56
ba010b7c-0b2a-4bc2-96e9-c99feb665248,uncommonly.photo,available,29.99,29.99,medium,low,10,namesilo,,,16/09/2026 09:49
103d0ba1-89fc-48d1-9aea-588190557d44,bimodal.photo,available,31.98,40.98,medium,low,7,namecheap,,,09/08/2026 23:23
599a9f99-a7e2-4c76-94a6-4a2cbecb26c6,wasteland.photo,available,31.98,40.98,medium,low,9,namecheap,,,08/08/2026 21:11
e875ee06-03a9-44b8-9f2c-545fb3420fad,petitioner.photo,available,29.99,29.99,medium,low,10,namesilo,,,11/09/2026 03:30
a37a33c8-3330-48f8-8cee-645799195ea6,untagged.photo,available,29.99,29.99,medium,low,8,namesilo,,,12/09/2026 14:35
3ed786b1-e002-4075-969e-59ba3ea4f341,prehensile.photo,available,29.99,29.99,medium,low,10,namesilo,,,07/08/2026 22:14
23482ccd-86a3-4edb-a685-a7899d19ee04,peking.photo,available,29.99,29.99,high,low,6,namesilo,,,23/09/2026 04:13
5c8c89c0-fb97-432e-b62a-ea97992a4172,riemann.photo,available,29.99,29.99,high,low,7,namesilo,,,23/09/2026 09:54
4e8d7ddb-e250-442e-ae1a-e092ed6213f6,skanky.photo,available,29.99,29.99,medium,low,6,namesilo,,,14/08/2026 10:49
7d6e04d1-c9d6-467d-ae42-531077b2b54f,triune.photo,available,31.98,40.98,medium,low,6,namecheap,,,11/09/2026 20:12
95426d1e-44c1-460e-b3d0-ca6426105b6f,sydney.photo,premium,116,116,high,low,6,namesilo,,,25/09/2026 10:47
c6f5138f-e680-4fb4-b98d-18a040ef3d59,buck.photo,premium,130,130,high,low,4,namecheap,,,29/09/2026 04:54
78060cee-9561-47b5-ac86-1122fcd77aa7,corrective.photo,available,29.99,29.99,high,low,10,namesilo,,,23/09/2026 23:46
ea95687e-04a1-434a-b5f0-6f0aa6583cb6,monitored.photo,available,26.08,26.08,medium,low,9,spaceship,,,29/09/2026 10:56
fc0ec258-05ef-4ab7-899e-7d1df23bcba0,toy.photo,premium,116,116,high,low,3,namesilo,,,
df8015e7-cbe5-4da6-8d91-0a6ef594bee8,mozart.photo,available,31.98,40.98,high,low,6,namecheap,,,28/09/2026 14:56
8a6c1afa-c2b0-422c-8fdc-c4799cb26507,sausage.photo,available,29.99,29.99,high,low,7,namesilo,,,
35030659-52e8-41e2-b468-1d99447adcc7,sorely.photo,available,29.99,29.99,medium,low,6,namesilo,,,16/09/2026 05:13
ee0f2a0f-4950-4e63-90b3-3a48a1739c14,zones.photo,available,29.99,29.99,medium,low,5,namesilo,,,29/09/2026 16:49
c0c624df-07a6-4284-82b2-56efb2340436,atonic.photo,available,29.99,29.99,low,low,6,namesilo,,,07/08/2026 13:54
62adf9c5-800d-4f28-83e2-7ad1dee7d4bf,priscilla.photo,available,31.98,40.98,high,low,9,namecheap,,,28/09/2026 03:51
56297619-b3d6-4cc4-949b-ec5e4b6c3a29,cadastral.photo,available,29.99,29.99,medium,low,9,namesilo,,,11/08/2026 12:39
ce6d6fb9-76cc-4e39-a38f-d04c1619d56a,bighorn.photo,available,29.99,29.99,high,low,7,namesilo,,,23/09/2026 15:10
75ec4dc3-4aee-4c19-818b-62229373c4c5,anatomy.photo,available,31.98,40.98,high,low,7,namecheap,,,28/09/2026 21:14
60bd8ab5-49b6-4a65-85ee-f83d88cb8878,salient.photo,available,29.99,29.99,high,low,7,namesilo,,,09/09/2026 03:09
49a21dc3-2ed9-41df-92de-26fb3883b339,girlish.photo,available,29.99,29.99,high,low,7,namesilo,,,18/08/2026 23:59
8b269556-bc1f-4059-9797-eb200c880d8f,opportunities.photo,available,26.26,26.26,medium,low,13,porkbun,,,28/09/2026 08:42
a454b3a5-c988-442f-8a71-6270338845cd,consular.photo,available,29.99,29.99,high,low,8,namesilo,,,12/08/2026 23:02
129cbeaf-aa3f-4548-96a0-407b7c071e17,waterloo.photo,available,29.99,29.99,high,low,8,namesilo,,,22/09/2026 16:19
89c055bf-48fd-49ef-89b9-3de91865ba2a,coalescing.photo,available,29.99,29.99,medium,low,10,namesilo,,,12/08/2026 13:53
578da678-6126-401a-9226-0f94ee0592de,silkily.photo,available,29.99,29.99,medium,low,7,namesilo,,,16/09/2026 01:51
7b31d9c2-4eb6-4c06-9d9f-5eb62a341973,fallacious.photo,available,31.98,40.98,medium,low,10,namecheap,,,13/08/2026 21:08
f63ca04b-1a92-4f04-a95b-dd20a395de5d,intuitions.photo,available,31.98,40.98,medium,low,10,namecheap,,,20/09/2026 19:28
1398ce93-fd8b-47ea-8281-096978e2958b,nps.photo,available,26.08,26.08,high,low,3,spaceship,,,28/09/2026 16:21
a562df45-3a16-43d5-a5a9-93befdbb813b,redundant.photo,available,29.99,29.99,medium,low,9,namesilo,,,17/08/2026 16:08
0497e213-d99a-484b-93e2-bb8a91db3f01,sinhala.photo,available,29.99,29.99,high,medium,7,namesilo,,,10/09/2026 08:20
7745b37c-1610-4091-a5e0-dcf4b4830d57,chinatown.photo,available,26.08,26.08,high,low,9,spaceship,,,28/09/2026 15:39
4e84d1ec-a981-44c2-856c-6cc8b5fdf310,glycogen.photo,available,31.98,40.98,medium,low,8,namecheap,,,19/09/2026 08:46
eb31d875-a2b9-472f-b410-217784806268,excuses.photo,available,26.08,26.08,medium,low,7,spaceship,,,28/09/2026 23:11
b11b07af-ef46-42fe-8656-83bcc73c4cff,angered.photo,available,29.99,29.99,medium,low,7,namesilo,,,
f7c97283-3f11-4f08-92b8-ba2cde83e77f,biased.photo,available,29.99,29.99,medium,low,6,namesilo,,,09/08/2026 18:36
e8ffae6c-68e0-4d55-943f-5e6eeaa0fc0c,bottled.photo,available,31.98,40.98,high,low,7,namecheap,,,29/09/2026 03:12
393915cd-ed85-4442-9a7c-075d2a0c1c8f,tucked.photo,available,31.98,40.98,high,low,6,namecheap,,,11/09/2026 21:02
e9563154-4a7f-492e-a253-8d14a0246aca,andes.photo,available,29.99,29.99,high,low,5,namesilo,,,19/09/2026 04:04
5a2aed31-a3a6-4382-8c96-bcce3174e337,florentine.photo,available,29.99,29.99,high,low,10,namesilo,,,18/08/2026 08:58
29be1847-e035-4c9e-a2ea-4c2b2fa4ce29,bauxite.photo,available,29.99,29.99,medium,low,7,namesilo,,,22/09/2026 16:42
cb462fab-a48a-4408-a768-221890b97dbf,crecy.photo,available,29.99,29.99,medium,low,5,namesilo,,,22/09/2026 15:02
8258a635-9270-47ca-ae8d-c559315ca231,newberry.photo,available,26.97,26.97,medium,low,8,dynadot,,,28/09/2026 21:39
400bbff8-011e-4af8-b68f-b60f7fad3a22,biopsy.photo,available,31.98,40.98,high,low,6,namecheap,,,23/09/2026 18:55
db2efbfe-e269-4b7c-ae3d-85855b0b3523,anorexic.photo,available,29.99,29.99,high,low,8,namesilo,,,
581fcbfb-6d09-4bf7-be95-64b61c13df26,housing.photo,available,29.99,29.99,high,low,7,namesilo,,,24/09/2026 12:13
e9b83892-19e2-442f-ba9a-5d8159c6a21b,caudal.photo,available,29.99,29.99,high,low,6,namesilo,,,11/08/2026 22:22
baf40c75-e478-43c7-9984-2091202999e4,lynchpin.photo,available,29.99,29.99,high,low,8,namesilo,,,21/09/2026 15:18
f5171352-ab7e-439b-ae39-9f64b7e2a726,walsh.photo,available,26.08,26.08,medium,low,5,spaceship,,,28/09/2026 08:52
21169ef7-62dc-4a2e-be5c-55833453b904,kenny.photo,available,29.99,29.99,medium,low,5,namesilo,,,26/09/2026 03:38
076a7914-5df8-402c-915d-f8c0de8ae1ae,adaption.photo,available,29.99,29.99,medium,low,8,namesilo,,,17/09/2026 06:32
8db4b125-94e8-46fa-9feb-070ff86f0199,murder.photo,available,29.99,29.99,medium,low,6,namesilo,,,26/09/2026 00:00
59242368-529d-4f55-87b2-7ca7655fc745,adiantum.photo,available,29.99,29.99,medium,low,8,namesilo,,,17/09/2026 08:05
5d36d3eb-135e-4e55-b1ec-fc31dcc1ec39,separated.photo,available,29.99,29.99,medium,low,9,namesilo,,,19/09/2026 04:08
ee53065b-b538-4c0f-a8e1-4860983cac3c,natation.photo,available,29.99,29.99,medium,low,8,namesilo,,,18/08/2026 08:34
f8f00c58-a4d4-47fa-99f0-4fef3200a973,chalk.photo,available,29.99,29.99,high,low,5,namesilo,,,28/09/2026 05:27
cb8dbcd1-6d18-4173-949c-3ea9eab41012,magnetised.photo,available,29.99,29.99,medium,low,10,namesilo,,,24/08/2026 13:06
92be1290-0b29-47c1-b822-f8486f2bb0dd,okay.photo,available,29.99,29.99,high,low,4,namesilo,,,22/09/2026 01:07
d04a007f-162e-4e6a-93f5-9718fd614ba4,teased.photo,available,29.99,29.99,medium,low,6,namesilo,,,11/09/2026 09:55
d3e24c48-3fb1-47fe-8da6-d2ebbb50590a,linearly.photo,available,29.99,29.99,medium,low,8,namesilo,,,15/09/2026 12:25
614415d1-da9b-4de7-af02-cfd9467764f8,sidewise.photo,available,29.99,29.99,high,medium,8,namesilo,,,10/09/2026 07:48
e4649413-ae91-4b14-9090-dd48e8b7cef6,azotic.photo,available,29.99,29.99,medium,low,6,namesilo,,,08/08/2026 02:53
b19fa3f1-f1d3-4dfc-a095-08b3386cc32a,overpriced.photo,available,31.98,40.98,medium,low,10,namecheap,,,04/09/2026 21:26
3e199c7e-f602-4e70-9609-3ebdc2f68271,seemingly.photo,available,31.98,40.98,medium,low,9,namecheap,,,13/09/2026 20:24
430370d7-d787-4e9a-9777-c8af382151d6,shabby.photo,available,29.99,29.99,medium,low,6,namesilo,,,25/08/2026 06:58
6ffc6655-d5f1-40aa-8fa6-4854c35aad07,allhallows.photo,available,29.99,29.99,medium,low,10,namesilo,,,18/09/2026 09:24
ee189c42-36bd-46a0-9b16-2151bfde5609,prn.photo,premium,130,130,medium,low,3,namecheap,,,13/09/2026 21:26
e979aa74-1ede-4417-b025-7fe57609263a,blunted.photo,available,29.99,29.99,medium,low,7,namesilo,,,10/08/2026 16:17
fe1509d1-efce-484c-b083-62275014dd85,expects.photo,available,29.99,29.99,medium,low,7,namesilo,,,20/09/2026 01:39
46b7145f-0b32-4ac5-9964-620d72e526e7,reginald.photo,available,31.98,40.98,high,low,8,namecheap,,,25/09/2026 15:10
7c8a12db-4292-49b9-b842-64cb9c56aed5,ardisia.photo,available,31.98,40.98,medium,low,7,namecheap,,,20/09/2026 03:10
32c6e548-90bb-4513-a8b2-001144228a4b,takeover.photo,available,26.08,26.08,high,low,8,spaceship,,,28/09/2026 18:48
f77e91fa-542a-40e5-b488-95b14e428e26,berliner.photo,available,29.99,29.99,high,low,8,namesilo,,,23/09/2026 09:38
2d94dadf-4bfe-4c7d-bb1a-efb4fb4c5550,forty.photo,available,,,high,low,5,,,,
de5e50d8-b6c7-416f-938f-a9ae81b4fb41,anisoptera.photo,available,29.99,29.99,medium,low,10,namesilo,,,19/09/2026 09:34
896c579b-d602-40b6-b948-4390d589f7c7,hint.photo,available,29.99,29.99,high,low,4,namesilo,,,24/09/2026 16:07
482d349a-a61a-45e3-8d49-bd7a5bd7d246,deleted.photo,premium,103.7,103.7,medium,low,7,spaceship,,,29/09/2026 21:19
ca197061-3c92-4f8f-85de-078e328e136c,practices.photo,available,31.98,40.98,medium,low,9,namecheap,,,16/09/2026 19:21
a98796f9-0950-448d-8214-d7dbf489a6f3,preparation.photo,available,26.08,26.08,high,low,11,spaceship,,,28/09/2026 12:30
b5316f7d-450f-49cc-972b-0378ef9b04cf,reviewers.photo,available,29.99,29.99,medium,low,9,namesilo,,,21/09/2026 09:06
4a470304-cab4-4cd6-92b9-2072036c2cc5,cyprian.photo,available,39.99,39.99,medium,low,7,name.com,,,13/08/2026 14:02
be980f6f-6006-4211-ba77-f2cdeb17ef30,aqua.photo,premium,116,116,high,medium,4,namesilo,,,19/09/2026 22:48
1666e372-1f03-40d5-a1ff-5dc234ef72d8,gazette.photo,available,49.99,49.99,high,low,7,godaddy,,,30/09/2026 01:42
5fc9340d-4ffa-411d-ae4d-78efacc8123e,whites.photo,available,29.99,29.99,high,low,6,namesilo,,,28/09/2026 16:57
8efcf68d-1682-4d70-bcf5-f53f3b4a383c,amnesiac.photo,available,31.98,40.98,medium,low,8,namecheap,,,
bb8d8d17-1f96-4f4b-93b1-87f5483cf030,skinned.photo,available,29.99,29.99,high,low,7,namesilo,,,10/09/2026 09:44
b68b2939-6cdf-4cb2-8475-495a42f37bb0,europe.photo,premium,110,110,high,medium,6,dynadot,,,29/09/2026 10:27
73e97714-22bf-48ff-835d-811dbe98d2fe,tierce.photo,available,29.99,29.99,medium,low,6,namesilo,,,
f764a136-86f7-4d71-bf63-96f4e38e15fc,allsorts.photo,available,31.98,40.98,low,low,9,namecheap,,,16/09/2026 05:53
a03aee2f-5527-4798-8f61-9cd30b0012ce,tautog.photo,available,29.99,29.99,medium,low,6,namesilo,,,24/09/2026 02:17
43cf63ce-c976-40ba-845e-e020c15e479a,greenly.photo,available,29.99,29.99,medium,low,7,namesilo,,,14/09/2026 22:19
d57fe297-6f1c-4e86-8ac7-dcd68872c710,fugitive.photo,available,29.99,29.99,high,low,8,namesilo,,,18/08/2026 07:53
1c72d23d-6393-414d-a09c-aee64fb9ba45,columnar.photo,available,31.98,40.98,medium,low,8,namecheap,,,12/08/2026 18:14
cb84abb9-1ca4-4564-ad97-c2a7c0ba6493,cove.photo,premium,125,125,high,low,4,name.com,,,24/09/2026 18:51
194bdf7a-07dd-4810-a0a5-d82a3a797e44,bewilder.photo,available,39.99,39.99,high,low,8,name.com,,,21/09/2026 17:30
e1f2b139-c448-4d77-acb5-c28a6ae3c299,protection.photo,premium,116,116,high,low,10,namesilo,,,19/09/2026 09:47
713151f4-e3db-4865-b43d-51fa73e6f708,cropped.photo,available,29.99,29.99,high,low,7,namesilo,,,13/08/2026 07:53
6f6f5df0-e5ed-4af0-9f9a-01f5c90d7a45,jocular.photo,available,29.99,29.99,high,low,7,namesilo,,,22/08/2026 12:57
3b895f45-6209-4ef9-a9c1-b1abffd9f2e1,anagram.photo,available,26.97,26.97,high,low,7,dynadot,,,28/09/2026 21:09
67b384d2-ee2c-48e7-bbc1-6dc50d65cef2,marathon.photo,premium,116,116,high,low,8,namesilo,,,22/09/2026 15:29
38822627-e287-4761-835b-3af41861722c,happiest.photo,available,29.99,29.99,high,low,8,namesilo,,,18/09/2026 04:16
428f08f3-98be-4baa-abf8-f577442f5592,indolent.photo,available,31.98,40.98,medium,low,8,namecheap,,,17/08/2026 20:53
832445ec-b544-4ac9-83a5-3add9bbd0411,beers.photo,available,29.99,29.99,medium,low,5,namesilo,,,27/09/2026 10:55
5a20d290-9c56-4155-9ed0-12fce68e70c0,wanly.photo,available,31.98,40.98,low,low,5,namecheap,,,16/09/2026 11:19